text,site_type,sections
"I need a simple homepage for an online course called ""Blue Harbor"". Include a photo gallery and packages and rates. It should look good on phones too.",education,navbar|hero|about|features|gallery|pricing|faq|contact|footer
"make a web page for a fitness blog, its name is Daily Brew; add a short bio plus location and contact info. I'd like it to feel calm.",blog,navbar|hero|about|features|contact|footer
"Use blue colours. We are based in Portland. Can you generate a elegant site for maths tutoring service called Willow Creek? I want an about section, our prices, a way to get in touch, and a picture grid.",education,navbar|hero|about|features|gallery|pricing|faq|contact|footer
"generate website copywriter pricing, our story, and selected works. We are based in Denver. It should look good on phones too.",portfolio,navbar|hero|about|features|gallery|pricing|contact|footer
Create a simple web presence for a veterinary clinic called Iron Oak.,small_business,navbar|hero|about|features|testimonials|contact|footer
"generate website creative director fees, a short bio, photos.",portfolio,navbar|hero|about|features|gallery|pricing|contact|footer
"Please design a web page for a cocktail bar that shows pictures, a FAQ section.",restaurant,navbar|hero|about|features|gallery|faq|contact|footer
"I need a responsive web page for a tree surgeon, its name is Happy Tails. Include a section about who we are but don't add location and contact info. We have been around since 2015 and love what we do.",small_business,navbar|hero|about|features|testimonials|footer
"Dessert bar website, simple look, with what people say about us, a menu section, a contact section",restaurant,navbar|hero|about|features|gallery|testimonials|contact|footer
"Use blue colours. generate website writing blog ""Sunny Side"" article highlights and a photo gallery.",blog,navbar|hero|about|features|gallery|contact|footer
"Accounting firm site called ""Golden Whisk""",small_business,navbar|hero|about|features|testimonials|contact|footer
Music blog homepage called Nova Studio. We are based in Denver.,blog,navbar|hero|about|features|contact|footer
Create a elegant site for a veterans association with an FAQ but no contact details. Use dark grey colours.,nonprofit,navbar|hero|about|features|testimonials|faq|footer
Can you generate a fresh website for furniture store named Stone Bridge? I want a services list.,small_business,navbar|hero|about|features|testimonials|contact|footer
"Use red colours. Gaming blog web presence, its name is Nova Studio: a contact us page, a testimonials section and pricing.",blog,navbar|hero|about|features|pricing|testimonials|contact|footer
"I need a fresh website for a pet grooming shop called ""Summit Learning"". Include photos and a contact form. Use soft green colours.",small_business,navbar|hero|about|features|gallery|testimonials|contact|footer
"Build me an UX designer web presence, it should have only pictures and our story. We are based in London. We have been around since 2015 and love what we do.",portfolio,navbar|hero|about|gallery|footer
generate website travel blog latest posts,blog,navbar|hero|about|features|contact|footer
build a website for my finance blog called Silver Fox. I'd like it to feel bold. We are based in Boston.,blog,navbar|hero|about|features|contact|footer
"Use deep blue colours. Restaurant site, elegant look, with common questions, a contact section, customer testimonials and pictures.",restaurant,navbar|hero|about|features|gallery|testimonials|faq|contact|footer
create a clean site for a dj.,portfolio,navbar|hero|about|features|gallery|contact|footer
make a landing page for personal portfolio; add a showcase of my work and pictures.,portfolio,navbar|hero|about|features|gallery|contact|footer
"can you generate a elegant web page for a fashion blog, its name is pixel nest? i want an faq.",blog,navbar|hero|about|features|faq|contact|footer
"make a website for a food bank ""Sunny Side""; add a picture grid, a contact form. Use dark grey colours. It should look good on phones too.",nonprofit,navbar|hero|about|features|gallery|testimonials|contact|footer
"Graphic designer web page, fresh look, with my projects plus price plans",portfolio,navbar|hero|about|features|gallery|pricing|contact|footer
"health charrity weebsite, its name is sweet curmbs: a faq sectino, a pricing table, an about me section",nonprofit,navbar|hero|about|features|pricing|testimonials|faq|contact|footer
"gnerate websiite art blog a posts section, customer reviews. It should look good on phones too.",blog,navbar|hero|about|features|testimonials|contact|footer
"Non-profit homepage ""Quiet Pines""",nonprofit,navbar|hero|about|features|testimonials|contact|footer
"generate website sports blog called iron oak price plans, a contact form. use teal colours.",blog,navbar|hero|about|features|pricing|contact|footer
"Use teal colours. Can you generate a colourful homepage for a nursery school? I want a contact section, pctures.",education,navbar|hero|about|features|gallery|faq|contact|footer
"I need a web page for an animal shelter called ""Blue Harbor"". We have been around since 2015 and love what we do.",nonprofit,navbar|hero|about|features|testimonials|contact|footer
make a web presence for a lifestyle blog; add contact details and reviews from our clients,blog,navbar|hero|about|features|testimonials|contact|footer
"We have been around since 2015 and love what we do. I need a warm site for a workshop series. Include a showcase of photos, member reviews, and a contact form.",education,navbar|hero|about|features|gallery|testimonials|faq|contact|footer
Can you generate a fresh lannding page for a taco stand? I want a contaact section.,restaurant,navbar|hero|about|features|gallery|contact|footer
build a website for my tailor. I'd like it to feel calm.,small_business,navbar|hero|about|features|testimonials|contact|footer
"I want a site for swimming school - only contact details, price plans.",education,navbar|hero|pricing|contact|footer
"build me a wellness blog site, it should have membership plans, a showcase of photos, testimonials, and a list of recent articles.",blog,navbar|hero|about|features|gallery|pricing|testimonials|contact|footer
I need a responsive homepage for a creperie named Ink and Ivory. Include an FAQ and a contact us page but skip picture grid. I'd like it to feel elegant. I am not technical at all.,restaurant,navbar|hero|about|features|faq|contact|footer
"build a website for my smoothie bar ""Quiet Pines""",restaurant,navbar|hero|about|features|gallery|contact|footer
"food truck web page, warm look, with only frequently asked questions and an about section. it should look good on phones too.",restaurant,navbar|hero|about|faq|footer
"Build me a cocktail bar web presence, it should have a tiny site with just common questions, guest reviews.",restaurant,navbar|hero|testimonials|faq|footer
"Pizzeria web presence called ""Green Valley"". I'd like it to feel minimal.",restaurant,navbar|hero|about|features|gallery|contact|footer
"I need a friendly homepage for a fashion blog, its name is Silver Fox. Include a list of recent articles, frequently asked questions and a picture grid.",blog,navbar|hero|about|features|gallery|faq|contact|footer
"Use teal colours. build a website for my ceramics artist ""Sunny Side"".",portfolio,navbar|hero|about|features|gallery|contact|footer
"our customers keep asking for a proper site. gastropub landing page: a faq section, a section about who we are, packages and rates, and a list of our specials.",restaurant,navbar|hero|about|features|gallery|pricing|faq|contact|footer
"Please design a homepage for university department named Mango Tree that shows a way to get in touch, don't add course listings.",education,navbar|hero|about|faq|contact|footer
I want a web page for a science club - pictures and a list of courses but without story.,education,navbar|hero|features|gallery|faq|contact|footer
"I need a web presence for an animal shelter called ""Iron Oak"". Use navy colours.",nonprofit,navbar|hero|about|features|testimonials|contact|footer
Keep it easy to read. I need a modern landing page for parenting blog. Include photos and article highlights.,blog,navbar|hero|about|features|gallery|contact|footer
"please design a web presence for a wine bar ""clear path"" that shows membership plans, a contact section plus student reviews.",restaurant,navbar|hero|about|features|gallery|pricing|testimonials|contact|footer
make me a professional landing page for workshop series,education,navbar|hero|about|features|faq|contact|footer
Cancer research charity web presence named Daily Brew,nonprofit,navbar|hero|about|features|testimonials|contact|footer
"Build me a writing blog web presence, it should have our prices plus a gallery.",blog,navbar|hero|about|features|gallery|pricing|contact|footer
"I want a website for a pet grooming shop - a contact section, a FAQ section and a picture grid.",small_business,navbar|hero|about|features|gallery|testimonials|faq|contact|footer
Please design a site for a lifestyle blog called Nova Studio that shows member reviews.,blog,navbar|hero|about|features|testimonials|contact|footer
Nail salon landing page called Sweet Crumbs: our story and our services. Our customers keep asking for a proper site.,small_business,navbar|hero|about|features|testimonials|contact|footer
"It should look good on phones too. Build me an architect landing page, it should have selected works, packages and rates, student feedback and a showcase of photos.",portfolio,navbar|hero|about|features|gallery|pricing|testimonials|contact|footer
i need a fresh web presence for science blog named daily brew. include only a posts section and what people say about us. use black and white colours. we are based in miami.,blog,navbar|hero|features|testimonials|footer
"build me a creperie website named urban spoon, it should have an about us page, a menu section, a contact form plus our prices.",restaurant,navbar|hero|about|features|gallery|pricing|contact|footer
"make a website for a trattoria ""Willow Creek""; add frequently asked questions plus a menu section. I'd like it to feel elegant. We are based in Toronto.",restaurant,navbar|hero|about|features|gallery|faq|contact|footer
Create a colourful landing page for a politics blog naed Stone Bridge with a gallery.,blog,navbar|hero|about|features|gallery|contact|footer
"Create a fresh landing page for a product designer named Silver Fox with our stoyr, a projects section and stdent reviews.",portfolio,navbar|hero|about|features|gallery|testimonials|contact|footer
make me a stylish web presence for a wildlife trust,nonprofit,navbar|hero|about|features|testimonials|contact|footer
"generate website dental clinic ""Clear Path"" a contact section, photos, a FAQ section, and a section for what we offer",small_business,navbar|hero|about|features|gallery|testimonials|faq|contact|footer
"make a site for a parenting blog; add common questions, don't add info abuot us. I'd like it to feel bold.",blog,navbar|hero|features|faq|contact|footer
Curry house web presence: our story and what people say about us.,restaurant,navbar|hero|about|features|gallery|testimonials|contact|footer
"make a web presence for school ""Nova Studio""; add frequently asked quetsions, reviews, an about me secttion and lcation and contact info",education,navbar|hero|about|features|testimonials|faq|contact|footer
I want a homepage for florist - client feedback but don't add section for what we offer.,small_business,navbar|hero|about|testimonials|contact|footer
"create a fresh site for veterans association ""pixel nest"" with pricing. use brown colours. our customers keep asking for a proper site.",nonprofit,navbar|hero|about|features|pricing|testimonials|contact|footer
website for consulting firm,small_business,navbar|hero|about|features|testimonials|contact|footer
build a website for my personal portfolio. use blue colours.,portfolio,navbar|hero|about|features|gallery|contact|footer
"Build me a swimming school website, it should have client feedback, an about us page plus a contact form. I'd like it to feel bold. Keep it easy to read.",education,navbar|hero|about|features|testimonials|faq|contact|footer
make me a simple site for an education charity. Use black and white colours.,nonprofit,navbar|hero|about|features|testimonials|contact|footer
Please design a homepage for an UX designer named Bright Minds that shows just a picture grid and a short bio.,portfolio,navbar|hero|about|gallery|footer
"generate website tutoring academy ""Golden Whisk"" an FAQ",education,navbar|hero|about|features|faq|contact|footer
"Build me a hardware store site called Mango Tree, it should have questions and answers, our prices plus location and contact info.",small_business,navbar|hero|about|features|pricing|testimonials|faq|contact|footer
"Hardware store homepage, friendly look, with a contact section, fees, a gallery and a FAQ section named Urban Spoon",small_business,navbar|hero|about|features|gallery|pricing|testimonials|faq|contact|footer
generate website product designer what people say about us and a showcase of my work,portfolio,navbar|hero|about|features|gallery|testimonials|contact|footer
"Build me a dental clinic site, its name is Cedar & Co, it should have info about us, an image gallery plus location and contact info. We have been around since 2015 and love what we do.",small_business,navbar|hero|about|features|gallery|testimonials|contact|footer
"Vocational college website, friendly look, with just a contact form, an about me section. Use orange colours. I am not technical at all.",education,navbar|hero|about|contact|footer
"Burger joint site, colourful look, with an about me section, without menu",restaurant,navbar|hero|about|gallery|contact|footer
"make a landing page for a daily diary; add featured posts, membership plans, ratings and reviews, common questions.",blog,navbar|hero|about|features|pricing|testimonials|faq|contact|footer
"Please design a landing page for a cultural society called Harvest Table that shows customer reviews, campaign highlights.",nonprofit,navbar|hero|about|features|testimonials|contact|footer
"Use green colours. Build me a pet grooming shop web page, it should have a showcase of photos, a contact section.",small_business,navbar|hero|about|features|gallery|testimonials|contact|footer
"Create a professional landing page for a creative director with a galery, fees, and contact deails. Keep it easy to read.",portfolio,navbar|hero|about|features|gallery|pricing|contact|footer
"I want a web page for a pet grooming shop - our prices, don't add contact us page.",small_business,navbar|hero|about|features|pricing|testimonials|footer
make a web presence for a neighbourhood association; add a section about who we are and a gallery. I'd like it to feel minimal.,nonprofit,navbar|hero|about|features|gallery|testimonials|contact|footer
"make a homepage for a kindergarten named Clear Path; add pricing, pictures. Use navy colours.",education,navbar|hero|about|features|gallery|pricing|faq|contact|footer
Create a minimal website for an art blog called Happy Tails. I am not technical at all.,blog,navbar|hero|about|features|contact|footer
build a website for my consulting firm.,small_business,navbar|hero|about|features|testimonials|contact|footer
"can you generate a stylish website for a wedding photographer ""iron oak""? i want an faq, a projects section, don't add contact form. use blue colours. i am not technical at all.",portfolio,navbar|hero|about|features|gallery|faq|footer
"please design a site for taxi company that shows reviews from our clients, pricing, info about us and questions and answers. use soft green colours. our customers keep asking for a proper site.",small_business,navbar|hero|about|features|pricing|testimonials|faq|contact|footer
build a website for my sculptor.,portfolio,navbar|hero|about|features|gallery|contact|footer
"please design a homepage for nursery school that shows price plans, without programs. use yellow colours.",education,navbar|hero|about|pricing|faq|contact|footer
"Fitness blog homepage, warm look, with a showcase of photos but skip contact form, its name is Blue Harbor. I am not technical at all.",blog,navbar|hero|about|features|gallery|footer
"Buurger joint site: contact details, questions and answers and photos.",restaurant,navbar|hero|about|features|gallery|faq|contact|footer
I want a website for bike store - a tiny site with just a contact form and feedback from customers. Our customers keep asking for a proper site.,small_business,navbar|hero|testimonials|contact|footer
"I need a stylish web page for a summer camp. Include just parent reviews, a curriculum section and our story.",education,navbar|hero|about|features|testimonials|footer
I need a warm web presence for a cooking school. Include just a contact section and testimonials. I'd like it to feel professional.,education,navbar|hero|testimonials|contact|footer
"I'd like it to feel minimal. We are based in Dublin. Our customers keep asking for a proper site. Gastropub landing page: pictures and an about us page, no way to get in touch.",restaurant,navbar|hero|about|features|gallery|footer
"Create a stylish site for a taxi company ""Rapid Fix"" with a section about who we are, a pricing table, and a photo gallery. Use green colours.",small_business,navbar|hero|about|features|gallery|pricing|testimonials|contact|footer
I need a warm site for a community centre. Include a contact secttion.,nonprofit,navbar|hero|about|features|testimonials|contact|footer
"please design a homepage for personal journal called daily brew that shows membership plans, a way to get in touch and an about me section.",blog,navbar|hero|about|features|pricing|contact|footer
"make a homepage for a cancer research charity ""Clear Path""; add an about me section, membership plans, frequently asked questions plus student reviews",nonprofit,navbar|hero|about|features|pricing|testimonials|faq|contact|footer
"Build me a wildlife trust web presence, it should have contact details, what we do, and common questions.",nonprofit,navbar|hero|about|features|testimonials|faq|contact|footer
"Makeup artist web page, stylish look, with my projects, info about us plus a contact us page called ""Sunny Side"". Use yellow colours. Our customers keep asking for a proper site.",portfolio,navbar|hero|about|features|gallery|contact|footer
"i want a website for maths tutoring service called open door - a tiny site with just a short bio, pricing.",education,navbar|hero|about|pricing|footer
make a site for a food blog; add only a FAQ section and a showcase of photos. Keep it easy to read.,blog,navbar|hero|gallery|faq|footer
"Plumbing company landing page, simple look, with membership plans",small_business,navbar|hero|about|features|pricing|testimonials|contact|footer
"I want a landing page for a pizzeria ""Mango Tree"" - a FAQ section and pictures.",restaurant,navbar|hero|about|features|gallery|faq|contact|footer
Please design a website for a mutual aid network that shows our prices.,nonprofit,navbar|hero|about|features|pricing|testimonials|contact|footer
"Student blog landing page, bold look, with our pirces and a short bio, its name is Rapid Fix",blog,navbar|hero|about|features|pricing|contact|footer
"I want a site for a maths club - a list of courses, frequently asked questions, a contact form plus a testimonials section.",education,navbar|hero|about|features|testimonials|faq|contact|footer
"Women's shelter homepage called ""Sweet Crumbs"": our programs and a FAQ section",nonprofit,navbar|hero|about|features|testimonials|faq|contact|footer
Product designer site: a contact section and selected works. It should look good on phones too.,portfolio,navbar|hero|about|features|gallery|contact|footer
"Create a bold web page for a barber shop with testimonials, a services list, and a contact us page. Our customers keep asking for a proper site.",small_business,navbar|hero|about|features|testimonials|contact|footer
"Use orange colours. Please design a web presence for a bookshop that shows only a contact section, our story and what people say about us.",small_business,navbar|hero|about|testimonials|contact|footer
"Build me a burger joint landing page, it should have only customer testimonials, membership plans. Use teal colours.",restaurant,navbar|hero|pricing|testimonials|footer
"make a web page for a parenting blog; add article highlights, a picture grid plus packages and rates. Use yellow colours. We have been around since 2015 and love what we do.",blog,navbar|hero|about|features|gallery|pricing|contact|footer
"I'd like it to feel playful. I am not technical at all. Charity homepage: photos, our initiatives, a contact form.",nonprofit,navbar|hero|about|features|gallery|testimonials|contact|footer
"make a landing page for a neighbourhood association; add a short bio, a way to get in touch plus membership plans. We are based in London.",nonprofit,navbar|hero|about|features|pricing|testimonials|contact|footer
"generate website bbq grill called Clear Path location and contact info, an about section, a showcase of photos, and our dishes. Use warm orange and brown colours.",restaurant,navbar|hero|about|features|gallery|contact|footer
"Create a colourful web prsence for a science club with parent reviews, an FAQ.",education,navbar|hero|about|features|testimonials|faq|contact|footer
"Build me a potter web presence, it shuld have common questions, a picture grid, memmber reivews.",portfolio,navbar|hero|about|features|gallery|testimonials|faq|contact|footer
"Can you generate a simple site for cocktail bar? I want fees, an FAQ and feedback from customers. Use yellow colours.",restaurant,navbar|hero|about|features|gallery|pricing|testimonials|faq|contact|footer
"Create a bold website for an environmental group ""Paw Palace"". Use dark grey colours. It should look good on phones too.",nonprofit,navbar|hero|about|features|testimonials|contact|footer
"Can you generate a warm website for an accounting firm named Little Lantern? I want membership plans plus client feedback, no services.",small_business,navbar|hero|about|pricing|testimonials|contact|footer
I want a website for community centre - reviews from our clients and packages and rates.,nonprofit,navbar|hero|about|features|pricing|testimonials|contact|footer
"Teacher training programme landing page ""Paw Palace"": a way to get in touch, the class schedule. We are based in Boston.",education,navbar|hero|about|features|faq|contact|footer
I'd like it to feel playful. Food blog site named Nova Studio: an about me section.,blog,navbar|hero|about|features|contact|footer
I'd like it to feel playful. Our custoemrs keep asking for a poper site. School lnading page: an image gallery and the class schedule.,education,navbar|hero|about|features|gallery|faq|contact|footer
"Coding club site, simple look, with questions and answers and student reviews called Little Lantern.",education,navbar|hero|about|features|testimonials|faq|contact|footer
"generate website hardware store called atlas design a section about who we are plus a faq section, without contact form.",small_business,navbar|hero|about|features|testimonials|faq|footer
"Please design a homepage for piano lessons that shows price plans, a short bio, a picture grid and a list of courses.",education,navbar|hero|about|features|gallery|pricing|faq|contact|footer
"website for a vocational college ""Bright Minds"". Use dark grey colours. We are based in Maimi.",education,navbar|hero|about|features|faq|contact|footer
"Copywriter web page, minimal look, with packages and rates, common quesstions and member reviews called ""Willow Creek""",portfolio,navbar|hero|about|features|gallery|pricing|testimonials|faq|contact|footer
Can you generate a clean site for yoga studio called Silver Fox? I want a picture grid plus a services list. Use soft green colours.,small_business,navbar|hero|about|features|gallery|testimonials|contact|footer
I want a web page for pastry shop - questions and answers. Use purple colours. I am not technical at all.,restaurant,navbar|hero|about|features|gallery|faq|contact|footer
"make a homepage for a relief fund; add pricing, without story",nonprofit,navbar|hero|features|pricing|testimonials|contact|footer
"Illustrator web presence, simple look, with our story, contact details plus pricing. We are based in Toronto.",portfolio,navbar|hero|about|features|gallery|pricing|contact|footer
create a friendly landing page for a fish and chip shop. i'd like it to feel elegant.,restaurant,navbar|hero|about|features|gallery|contact|footer
"Create a bold web page for travel agency with a FAQ section, our services and a contact us page. It should look good on phones too.",small_business,navbar|hero|about|features|testimonials|faq|contact|footer
"make a landing page for school called Cedar & Co; add an about me section, pictures, customer testimonials and a contact form. I'd like it to feel bold. We are based in Dublin.",education,navbar|hero|about|features|gallery|testimonials|faq|contact|footer
"Use red colours. I am not technical at all. Create a elegant homepage for soup kitchen with our prices, location and contact info.",nonprofit,navbar|hero|about|features|pricing|testimonials|contact|footer
"Keep it easy to read. generate website vocational college an about me section plus common questions, without contact form.",education,navbar|hero|about|features|faq|footer
Travel blog landing page: only an FAQ and featured posts.,blog,navbar|hero|features|faq|footer
"Build me a tutoring academy homepage, its name is Quiet Pines, it should have frequently asked questions, our prices, and a gallery.",education,navbar|hero|about|features|gallery|pricing|faq|contact|footer
"College web page called ""Cedar & Co"": parent reviews.",education,navbar|hero|about|features|testimonials|faq|contact|footer
generate website plumbing company a services list and contact details.,small_business,navbar|hero|about|features|testimonials|contact|footer
"i want a web presence for a pancake house ""paw palace"" - student reviews and membership plans, don't add photo gallery. we are based in boston.",restaurant,navbar|hero|about|features|pricing|testimonials|contact|footer
"I need a elegant web page for a pet blog called Sunny Side. Include a contact section, skip section about who we are.",blog,navbar|hero|features|contact|footer
"Ice cream parlour web presence, fresh look, with a short bio, a contact section, pricing and questions and answers called Cedar & Co",restaurant,navbar|hero|about|features|gallery|pricing|faq|contact|footer
"make a web page for a podcast site; add a contact us page, info about us, featured posts, and a picture grid. We are based in Chicago.",blog,navbar|hero|about|features|gallery|contact|footer
"Can you generate a warm landing page for a florist, its name is Clear Path? I want our prices and a contact section.",small_business,navbar|hero|about|features|pricing|testimonials|contact|footer
"Kindergarten landing page, its name is Iron Oak: customer testimonials",education,navbar|hero|about|features|testimonials|faq|contact|footer
"Create a professional homepage for a web developer ""Paw Palace"".",portfolio,navbar|hero|about|features|gallery|contact|footer
"Neighbourhood association homepage, professional look, with a contact us page, customer reviews. We are based in Toronto. We have been around since 2015 and love what we do.",nonprofit,navbar|hero|about|features|testimonials|contact|footer
"make a homepage for a community garden called ""Paw Palace""; add pictures, membership plans, our programs and an FAQ. We are based in Seattle.",nonprofit,navbar|hero|about|features|gallery|pricing|testimonials|faq|contact|footer
"Can you generate a bold homepage for music school, its name is Bright Minds? I want a showcase of photos, questions and answers and the class schedule.",education,navbar|hero|about|features|gallery|faq|contact|footer
"I want a site for a food blog ""Green Valley"" - a showcase of photos, questions and answers and our prices.",blog,navbar|hero|about|features|gallery|pricing|faq|contact|footer
"can you generate a colourful web page for a potter called ""sweet crumbs""? i want a gallery, a contact us page plus a faq section.",portfolio,navbar|hero|about|features|gallery|faq|contact|footer
I want a web page for women's shelter - only reviews and an about section.,nonprofit,navbar|hero|about|testimonials|footer
"Please design a homepage for portfolio that shows a FAQ section, a gallery and a contact section. Keep it easy to read.",portfolio,navbar|hero|about|features|gallery|faq|contact|footer
Please design a site for veterans association that shows our initiatives plus pictures.,nonprofit,navbar|hero|about|features|gallery|testimonials|contact|footer
"Book review blog web presence caled Happy Tails: a posts section, a section about who we are. We are baed in Boston.",blog,navbar|hero|about|features|contact|footer
"Please design a site for an animator, its name is Golden Whisk that shows guest reviews, a short bio and a gallery. Use purple colours. We are based in Boston.",portfolio,navbar|hero|about|features|gallery|testimonials|contact|footer
"create a responsive website for a wellness blog with contact details, price plans, featured posts.",blog,navbar|hero|about|features|pricing|contact|footer
I want a website for a politics blog - common questions and featured posts. We have been around since 2015 and love what we do.,blog,navbar|hero|about|features|faq|contact|footer
"We are based in London. make a web page for an online academy ""Open Door""; add an FAQ and contact details.",education,navbar|hero|about|features|faq|contact|footer
"Homeschool group site: only a curriculum section, a contact form. We are based in Toronto.",education,navbar|hero|features|contact|footer
build a website for my education charity named Paw Palace. I'd like it to feel professional.,nonprofit,navbar|hero|about|features|testimonials|contact|footer
"Create a professional site for a donut shop named Blue Harbor with an FAQ, our prices. Our customers keep asking for a proper site.",restaurant,navbar|hero|about|features|gallery|pricing|faq|contact|footer
"Can you generate a modern web page for a non-profit called Cedar & Co? I want a pricing table and a gallery, without info about us.",nonprofit,navbar|hero|features|gallery|pricing|testimonials|contact|footer
i need a homepage for a daily diary called willow creek. i'd like it to feel professional. it should look good on phones too.,blog,navbar|hero|about|features|contact|footer
"I need a clean web page for a community garden called Clear Path. Include a contact form, an about me section, and frequently asked questions. I'd like it to feel bold. We are based in Portland.",nonprofit,navbar|hero|about|features|testimonials|faq|contact|footer
"We are based in Chicago. I need a professional web page for muutual aid network ""Mango Tree"". Include info aboout us but don't add testimnials.",nonprofit,navbar|hero|about|features|contact|footer
create a minimal website for a vocational college with a list of courses.,education,navbar|hero|about|features|faq|contact|footer
"Pancake house landing page, stylish look, with our story",restaurant,navbar|hero|about|features|gallery|contact|footer
"Product designer website, stylish look, with a contact us page, an FAQ. I'd like it to feel dark. Keep it easy to read.",portfolio,navbar|hero|about|features|gallery|faq|contact|footer
"I am not technical at all. Can you generate a stylish web presence for an UX designer called ""Stone Bridge""? I want what people say about us, pictures plus location and contact info.",portfolio,navbar|hero|about|features|gallery|testimonials|contact|footer
"Create a modern site for a pizzeria ""Harvest Table"". Use yeellow colours.",restaurant,navbar|hero|about|features|gallery|contact|footer
Create a responsive site for a landscaping business. I'd like it to feel minimal.,small_business,navbar|hero|about|features|testimonials|contact|footer
"I need a warm web page for an ocean cleanup group named Ink and Ivory. Include just price plans, an image gallery, a short bio.",nonprofit,navbar|hero|about|gallery|pricing|footer
"make a web page for a design studio portfolio; add a projects section, member reviews and pricing",portfolio,navbar|hero|about|features|gallery|pricing|testimonials|contact|footer
Can you generate a stylish landing page for a furniture store named Cedar & Co? I want a priicing table.,small_business,navbar|hero|about|features|pricing|testimonials|contact|footer
"I want a website for a lifestyle blog called ""Sunny Side"" - photos.",blog,navbar|hero|about|features|gallery|contact|footer
Can you generate a playful site for a fitness blog? I want reviews. I'd like it to feel bold.,blog,navbar|hero|about|features|testimonials|contact|footer
Create a warm site for tailor with just a picture grid and our story. Use red colours.,small_business,navbar|hero|about|gallery|footer
"Portfolio homepage: a tiny site with just a way to get in touch, fees, and an FAQ. It should look good on phones too.",portfolio,navbar|hero|pricing|faq|contact|footer
I want a landing page for vlog named Lotus Works - frequently asked questions. Use orange colours.,blog,navbar|hero|about|features|faq|contact|footer
"Create a modern website for a pancake house called ""Sunny Side"" with a short bio, the food menu, reviews from our clients plus questions and answers. I'd like it to feel minimal.",restaurant,navbar|hero|about|features|gallery|testimonials|faq|contact|footer
"I want a homepage for a graphic designer - info about us, case studies.",portfolio,navbar|hero|about|features|gallery|contact|footer
I need a bold web presence for scholarship fund. Include a contact us page and a FAQ section.,nonprofit,navbar|hero|about|features|testimonials|faq|contact|footer
"generate website illustrator questions and answers, selected works, a photo gallery. i'd like it to feel professional.",portfolio,navbar|hero|about|features|gallery|faq|contact|footer
"Please design a web presence for a cleaning service that shows a tiny site with just a way to get in touch, feedbaack from customers plus frequently asked questions.",small_business,navbar|hero|testimonials|faq|contact|footer
make a site for electrician; add a photo gallery but no story.,small_business,navbar|hero|features|gallery|testimonials|contact|footer
make a website for an art director; add reviews and frequently asked questions. Use red colours. We are based in Seattle.,portfolio,navbar|hero|about|features|gallery|testimonials|faq|contact|footer
website for a salad bar.,restaurant,navbar|hero|about|features|gallery|contact|footer
generate website burger joint just location and contact info and testimonials,restaurant,navbar|hero|testimonials|contact|footer
"Noodle house landing page, bold look, with questions and answers, the food menu but without contact us page.",restaurant,navbar|hero|about|features|gallery|faq|footer
"Teacher training programme site, playful look, with a tiny site with just an FAQ, pricing, and feedback from customers",education,navbar|hero|pricing|testimonials|faq|footer
"make a landing page for a restaurant; add our prices, an FAQ, a short bio.",restaurant,navbar|hero|about|features|gallery|pricing|faq|contact|footer
"Can you generate a elegant website for politics blog, its name is Summit Learning? I want a picture grid plus a list of recent articles. Keep it easy to read.",blog,navbar|hero|about|features|gallery|contact|footer
"can you generate a friendly web presence for real estate agency called stone bridge? i want a way to get in touch plus common questions, don't add student feedback. we are based in portland.",small_business,navbar|hero|about|features|faq|contact|footer
"I want a website for a dental clinic, its name is Paw Palace - reviews from our clients and a section for what we offer.",small_business,navbar|hero|about|features|testimonials|contact|footer
Create a minimal web page for a swimming school with a contact us page and course listings.,education,navbar|hero|about|features|faq|contact|footer
"I want a site for a wine bar, its name is Red Barn - just location and contact info and the food menu. Keep it easy to read.",restaurant,navbar|hero|features|contact|footer
"web developer homepage, its name is nova studio: a faq section and testimoniials. i am not technical at all.",portfolio,navbar|hero|about|features|gallery|testimonials|faq|contact|footer
"please design a web page for a web developer that shows our story, no contact us page. use teal colours.",portfolio,navbar|hero|about|features|gallery|footer
"Heritage trust web page: frequently asked questions, no contact section. I'd like it to feel elegant.",nonprofit,navbar|hero|about|features|testimonials|faq|footer
Can you generate a clean website for architect? I want contact details. I'd like it to feel calm. Keep it easy to read.,portfolio,navbar|hero|about|features|gallery|contact|footer
build a website for my bbq grill. I'd like it to feel dark.,restaurant,navbar|hero|about|features|gallery|contact|footer
make a landing page for an environmental group; add questions and answers but skip location and contact info.,nonprofit,navbar|hero|about|features|testimonials|faq|footer
"Build me a cocktail bar web page, it should have a menu, an about us page, location and contact info.",restaurant,navbar|hero|about|features|gallery|contact|footer
"Communiity garden web presence ""Paw Palace"": a section about who we are, fequently asked questions, our prices plus photos",nonprofit,navbar|hero|about|features|gallery|pricing|testimonials|faq|contact|footer
"we have been around since 2015 and love what we do. make a web page for a dumpling house, its name is pixel nest; add a faq section, a contact section and an about us page.",restaurant,navbar|hero|about|features|gallery|faq|contact|footer
"I need a web presence for a soup kitchen called ""Summit Learning""",nonprofit,navbar|hero|about|features|testimonials|contact|footer
make a homepage for a food bank; add only a section about who we are plus pictures,nonprofit,navbar|hero|about|gallery|footer
"Writing blog landing page, clean look, with packages and rates, featured posts and an FAQ.",blog,navbar|hero|about|features|pricing|faq|contact|footer
Pastry shop site named Nova Studio: an FAQ. Use orange colours. I am not technical at all.,restaurant,navbar|hero|about|features|gallery|faq|contact|footer
Music blog homepage: parent reviews and info about us,blog,navbar|hero|about|features|testimonials|contact|footer
"It should look good on phones too. Can you generate a professional web page for a fashion blog? I want our story, testimonials, skip contact details.",blog,navbar|hero|about|features|testimonials|footer
We are based in Denver. Tech blog homepage called Urban Spoon: an about me section and an image gallery.,blog,navbar|hero|about|features|gallery|contact|footer
Use blue colours. I need a web page for car repair shop.,small_business,navbar|hero|about|features|testimonials|contact|footer
"Vlog landing page, fresh look, with info about us, latest posts plus membership plans. We have been around since 2015 and love what we do.",blog,navbar|hero|about|features|pricing|contact|footer
"Consulting firm web page: a services list, a FAQ section, parent reviews plus info about us.",small_business,navbar|hero|about|features|testimonials|faq|contact|footer
make me a minimal site for a book review blog. Use pink colours.,blog,navbar|hero|about|features|contact|footer
"I want a homepage for a bbq grill called Lotus Works - an FAQ, a showcase of photos, and a section about who we are. I'd like it to feel calm.",restaurant,navbar|hero|about|features|gallery|faq|contact|footer
generate website dessert bar named Atlas Design a short bio.,restaurant,navbar|hero|about|features|gallery|contact|footer
"I need a responsive web page for a college. Include questions and answers, a photo gallery, packages and rates and location and contact info. We are based in Toronto.",education,navbar|hero|about|features|gallery|pricing|faq|contact|footer
I am not technical at all. Science club landing page: our prices.,education,navbar|hero|about|features|pricing|faq|contact|footer
"Education charity landing page: a FAQ section, what we do. Use pink colours. I am not technical at all.",nonprofit,navbar|hero|about|features|testimonials|faq|contact|footer
"Use teal colours. It should look good on phones too. Running diary web presence, minimal look, with a section about who we are.",blog,navbar|hero|about|features|contact|footer
I'd like it to feel playful. make me a playful landing page for spanish classes.,education,navbar|hero|about|features|faq|contact|footer
build a website for my dumpling house. I am not technical at all.,restaurant,navbar|hero|about|features|gallery|contact|footer
"I want a site for running diary called Golden Whisk - a gallery, reviews from our clients, an FAQ, and an about section. Use brown colours.",blog,navbar|hero|about|features|gallery|testimonials|faq|contact|footer
"make a homepage for a tutoring academy, its name is Silver Fox; add questions and answers",education,navbar|hero|about|features|faq|contact|footer
"make a homepage for politics blog; add frequently asked questions, a picture grid and packages and rates",blog,navbar|hero|about|features|gallery|pricing|faq|contact|footer
Plaese design a homepage for a food bank that shows our prices and a contact form.,nonprofit,navbar|hero|about|features|pricing|testimonials|contact|footer
Use black and white colours. Create a elegant homepage for a potter with price plans.,portfolio,navbar|hero|about|features|gallery|pricing|contact|footer
"make a web page for a deli ""Nova Studio""; add student feedback, a pricing table, and an FAQ",restaurant,navbar|hero|about|features|gallery|pricing|testimonials|faq|contact|footer
"We are based in Boston. I want a web presence for a soup kitchen - what we do, frequently asked questions, packages and rates plus location and contact info.",nonprofit,navbar|hero|about|features|pricing|testimonials|faq|contact|footer
"I need a simple homepage for a plumbing company. Include testimonials, photos and service offerings.",small_business,navbar|hero|about|features|gallery|testimonials|contact|footer
website for a restaurant called iron oak,restaurant,navbar|hero|about|features|gallery|contact|footer
We are based in Dublin. Can you generate a clean web presence for a tapas bar? I want a menu section and our story.,restaurant,navbar|hero|about|features|gallery|contact|footer
"generate website art blog a piicture grid, no contact section. We are based in Denver.",blog,navbar|hero|about|features|gallery|footer
"build a website for my ocean cleanup group, its name is Harvest Table.",nonprofit,navbar|hero|about|features|testimonials|contact|footer
"Use warm orange and brown colours. Build me a bagel shop web page ""Pixel Nest"", it should have a testimonials section but no contact section.",restaurant,navbar|hero|about|features|gallery|testimonials|footer
"Wedding photographer web presence called ""Golden Whisk"". Use red colours.",portfolio,navbar|hero|about|features|gallery|contact|footer
make me a responsive web presence for an ocean cleanup group. It should look good on phones too.,nonprofit,navbar|hero|about|features|testimonials|contact|footer
"Voocational college web page, elegant look, with membership plans, a curriculum section, a photo galleyr.",education,navbar|hero|about|features|gallery|pricing|faq|contact|footer
"Create a minimal web presence for a driving school called ""Red Barn"" with a contact us page, a curriculum section and an FAQ.",education,navbar|hero|about|features|faq|contact|footer
"We are based in Boston. Please design a website for an animal shelter ""Iron Oak"" that shows a contact section.",nonprofit,navbar|hero|about|features|testimonials|contact|footer
build a website for my summer camp. We are based in Seattle. I am not technical at all.,education,navbar|hero|about|features|faq|contact|footer
"Piano lessons site: a tiny site with just an about section, a contact section plus a pricing table",education,navbar|hero|about|pricing|contact|footer
"Please design a web page for alumni association, its name is Nova Studio that shows guest reviews, a contact us page and common questions. We are based in Miami.",nonprofit,navbar|hero|about|features|testimonials|faq|contact|footer
"generate website travel agency frequently asked questions, without section for what we offer. Use soft green colours. Keep it easy to read.",small_business,navbar|hero|about|testimonials|faq|contact|footer
I need a hmoepage for 3D artist,portfolio,navbar|hero|about|features|gallery|contact|footer
"i need a colourful web page for a food blog. include member reviews, a way to get in touch plus an faq. use orange colours.",blog,navbar|hero|about|features|testimonials|faq|contact|footer
"We are based in London. Build me a travel agency web page, it should have a section for what we offer, frequently asked questions and a contact form.",small_business,navbar|hero|about|features|testimonials|faq|contact|footer
"make a homepage for a video editor called ""Summit Learning""; add just case studies, feedback from customers and our prices. Use teal colours. We are based in Denver.",portfolio,navbar|hero|features|pricing|testimonials|footer
"generate website driving school, its name is Sunny Side an about section, reviews from our clients. Use green colours.",education,navbar|hero|about|features|testimonials|faq|contact|footer
"build a website for my sports blog, its name is Clear Path.",blog,navbar|hero|about|features|contact|footer
We are based in Denver. It should look good on phones too. website for an accounting firm called Pixel Nest.,small_business,navbar|hero|about|features|testimonials|contact|footer
Can you generate a professional site for an accounting firm called Bright Minds? I want a services list. Use purple colours.,small_business,navbar|hero|about|features|testimonials|contact|footer
Please design a landing page for a gym that shows questions and answers plus our story. We are based in Seattle.,small_business,navbar|hero|about|features|testimonials|faq|contact|footer
We are based in Austin. I need a landing page for vlog.,blog,navbar|hero|about|features|contact|footer
"generate website piano lessons a curriculum section, what people say about us, info about us and a contact form",education,navbar|hero|about|features|testimonials|faq|contact|footer
"can you generate a fresh web presence for a summer camp ""bright minds""? i want an faq. use red colours. i am not technical at all.",education,navbar|hero|about|features|faq|contact|footer
build a website for my lifestyle blog,blog,navbar|hero|about|features|contact|footer
Please design a web page for a community centre that shows a contact section. Use deep blue colours.,nonprofit,navbar|hero|about|features|testimonials|contact|footer
"Create a minimal web presence for a cartoonist with a showcase of photos, frequently asked questions, a contact section plus a section about who we are.",portfolio,navbar|hero|about|features|gallery|faq|contact|footer
"Deli web presence, fresh look, with a way to get in touch, photos, and a section about who we are",restaurant,navbar|hero|about|features|gallery|contact|footer
"Restaurant site, bold look, with questions and answers, a way to get in touch, our dishes and packages and rates",restaurant,navbar|hero|about|features|gallery|pricing|faq|contact|footer
I'd like it to feel professional. We have been around since 2015 and love what we do. build a website for my opinion blog.,blog,navbar|hero|about|features|contact|footer
"I need a minimal website for a dumpling house, its name is Cedar & Co. Include a short bio, contact details and our dishes.",restaurant,navbar|hero|about|features|gallery|contact|footer
"generate website homeschool group called ""Atlas Design"" a FAQ section, contact details, a photo gallery and membership plans",education,navbar|hero|about|features|gallery|pricing|faq|contact|footer
"I'd like it to feel playful. Pet blog web presence, fresh look, with a photo gallery, questions and answers and testimonials ""Nova Studio"".",blog,navbar|hero|about|features|gallery|testimonials|faq|contact|footer
"please design a landing page for a cleaning service that shows frequently asked questions, an image gallery, ratings and reviews and a way to get in touch. our customers keep asking for a proper site.",small_business,navbar|hero|about|features|gallery|testimonials|faq|contact|footer
"Please design a web page for a filmmaker that shows what people say about us, an about me section, and frequently asked questions. Use brown colours.",portfolio,navbar|hero|about|features|gallery|testimonials|faq|contact|footer
"I need a responsive web page for a copywriter. Include a section about who we are, an FAQ, selected works, and an image gallery.",portfolio,navbar|hero|about|features|gallery|faq|contact|footer
"I need a minimal web page for fish and chip shop. Include only a photo gallery, location and contact info, pricing.",restaurant,navbar|hero|gallery|pricing|contact|footer
"Food bank web page, its name is Silver Fox: a picture grid, don't add testimonials seciton",nonprofit,navbar|hero|about|features|gallery|contact|footer
"I'd like it to feel bold. I want a landing page for a podcast site named Golden Whisk - an about us page, a gallery, and contact details.",blog,navbar|hero|about|features|gallery|contact|footer
"I need a professional landing page for a wine bar ""Open Door"". Include a tiny site with just a menu section and a contact us page. We have been around since 2015 and love what we do.",restaurant,navbar|hero|features|contact|footer
"make a web page for an architect; add price plans, frequently asked questions",portfolio,navbar|hero|about|features|gallery|pricing|faq|contact|footer
"Can you generate a simple landing page for a massage clinic ""Open Door""? I want a contact section, member reviews.",small_business,navbar|hero|about|features|testimonials|contact|footer
"Church group landing page, warm look, with just an FAQ and a photo gallery called Sweet Crumbs. We are based in Chicago.",nonprofit,navbar|hero|gallery|faq|footer
"Build me a graphic designer site, it should have only my projects, client feedback.",portfolio,navbar|hero|features|testimonials|footer
generate website reliief fund an about us page and feedbaack from csutomers.,nonprofit,navbar|hero|about|features|testimonials|contact|footer
"create a professional landing page for a fashion blog with a testimonials section, without way to get in touch. i'd like it to feel calm.",blog,navbar|hero|about|features|testimonials|footer
"Music school homepage called Quiet Pines: pricing, don't add questions and answers. It should look good on phones too.",education,navbar|hero|about|features|pricing|contact|footer
"Can you generate a simple web page for a tailor ""Clear Path""? I want a contact us page and ratings and reviews. Use navy colours.",small_business,navbar|hero|about|features|testimonials|contact|footer
We are based in Miami. I want a web page for a career blog - ratings and reviews.,blog,navbar|hero|about|features|testimonials|contact|footer
"Swimming school web page, clean look, with price plans, an about us page plus a FAQ section. I'd like it to feel playful.",education,navbar|hero|about|features|pricing|faq|contact|footer
"Can you generate a responsive web presence for a career blog? I want just a testimonials section, a FAQ section.",blog,navbar|hero|testimonials|faq|footer
"make a web page for cancer research charity, its name is willow creek; add packages and rates. use red colours.",nonprofit,navbar|hero|about|features|pricing|testimonials|contact|footer
"generate website book review blog named Sunny Side a FAQ section, a contact section, member reviews, and membership plans. We are based in Chicago. Our customers keep asking for a proper site.",blog,navbar|hero|about|features|pricing|testimonials|faq|contact|footer
make a landing page for career blog; add common questions. Keep it easy to read.,blog,navbar|hero|about|features|faq|contact|footer
"Can you generate a simple site for UX designer, its name is Maple Lane? I want an about me section. Use green colours. I am not technical at all.",portfolio,navbar|hero|about|features|gallery|contact|footer
website for an architect,portfolio,navbar|hero|about|features|gallery|contact|footer
"Create a warm landing page for sports blog with only frequently asked questions, an about section and pictures.",blog,navbar|hero|about|gallery|faq|footer
"make a landing page for a sushi bar called ""Willow Creek""; add a FAQ section and an about us page.",restaurant,navbar|hero|about|features|gallery|faq|contact|footer
"I need a homepage for a taco stand called ""Quiet Pines"". Use brown colours. We are based in Seattle.",restaurant,navbar|hero|about|features|gallery|contact|footer
"build me a filmmaker website, it should have pictures, case studies, a pricing table. i'd like it to feel friendly.",portfolio,navbar|hero|about|features|gallery|pricing|contact|footer
"I need a friendly web page for accounting firm. Include testimonials, a photo gallery. We are based in Dublin.",small_business,navbar|hero|about|features|gallery|testimonials|contact|footer
"Build me a motion artist landing page ""Ink and Ivory"", it should have contact details and an about section. Use soft green colours.",portfolio,navbar|hero|about|features|gallery|contact|footer
"Can you generate a friendly landing page for an ice cream parlour? I want location and contact info, a photo gallery, our story, a FAQ section. We are based in Dublin.",restaurant,navbar|hero|about|features|gallery|faq|contact|footer
make a site for a summer camp; add a showcase of photos. I'd like it to feel minimal.,education,navbar|hero|about|features|gallery|faq|contact|footer
Use navy colours. I want a web page for web developer - customer testimonials.,portfolio,navbar|hero|about|features|gallery|testimonials|contact|footer
Create a colourful homepage for a pastry shop with common questions and our dishes. It should look good on phones too.,restaurant,navbar|hero|about|features|gallery|faq|contact|footer
"Plumbing company website, its name is Red Barn: a tiny site with just common questions and photos. Use warm orange and brown colours.",small_business,navbar|hero|gallery|faq|footer
"Use teal colours. Create a minimal homepage for a rescue centre with a photo gallery, a contact section and customer reviews.",nonprofit,navbar|hero|about|features|gallery|testimonials|contact|footer
"Create a professional website for law office with a contact form, skip services list. Use yellow colours. We are based in London.",small_business,navbar|hero|about|testimonials|contact|footer
"Build me a graphic designer homepage named Clear Path, it should have a section about who we are, a FAQ section and fees.",portfolio,navbar|hero|about|features|gallery|pricing|faq|contact|footer
"Parenting blog web presence, modeern look, with a contact form, a phtoo gallery. Use purple colorus.",blog,navbar|hero|about|features|gallery|contact|footer
"website for charity ""Cedar & Co"".",nonprofit,navbar|hero|about|features|testimonials|contact|footer
build a website for my science club called Summit Leaarning.,education,navbar|hero|about|features|faq|contact|footer
website for a foundation. Use teal colours.,nonprofit,navbar|hero|about|features|testimonials|contact|footer
"Please design a site for filmmaker that shows an about me section, pictures and price plans.",portfolio,navbar|hero|about|features|gallery|pricing|contact|footer
"i need a stylish web presence for a community centre called mango tree. include an about me section, a contact section and a faq section. i'd like it to feel friendly. i am not techniccal at all.",nonprofit,navbar|hero|about|features|testimonials|faq|contact|footer
"opinion blog homepage, fresh look, with what people say about us. i am not technical at all.",blog,navbar|hero|about|features|testimonials|contact|footer
Create a clean landing page for cultural society called Atlas Design with a contact form and a picture grid. We are based in Toronto.,nonprofit,navbar|hero|about|features|gallery|testimonials|contact|footer
"make a web page for travel agency; add service offerings, client feedback, and locaton and contact info.",small_business,navbar|hero|about|features|testimonials|contact|footer
Running diary web page naamed Sunny Side: customer testimonials but no location and coontact info,blog,navbar|hero|about|features|testimonials|footer
Create a modern web presence for kindergarten with a way to get in touch.,education,navbar|hero|about|features|faq|contact|footer
Language school site. We have been around since 2015 and love what we do.,education,navbar|hero|about|features|faq|contact|footer
"Donut shop site ""Red Barn"": a tiny site with just an about me section plus a photo gallery",restaurant,navbar|hero|about|gallery|footer
"please design a web page for a dry cleaner ""red barn"" that shows a contact form and a pricing table.",small_business,navbar|hero|about|features|pricing|testimonials|contact|footer
"Wine bar website, simple look, with membership plans and the food menu. We are based in London.",restaurant,navbar|hero|about|features|gallery|pricing|contact|footer
"generate website donut shop caled ""green valley"" a pricing talbe and an faq, skip pictuure grid.",restaurant,navbar|hero|about|features|pricing|faq|contact|footer
i need a fresh web presence for an environmental group. include an about us page and testimonials but without contact us page.,nonprofit,navbar|hero|about|features|testimonials|footer
"Insurance agency landing page, clean look, with frequently asked questions, location and contact info, an image gallery. We are based in London.",small_business,navbar|hero|about|features|gallery|testimonials|faq|contact|footer
Use warm orange and brown colours. Create a stylish homepage for a noodle house with testimonials and an image gallery but skip short bio.,restaurant,navbar|hero|features|gallery|testimonials|contact|footer
We have been around since 2015 and love what we do. I want a web page for a science club - a short bio.,education,navbar|hero|about|features|faq|contact|footer
make me a fresh homepage for a gym,small_business,navbar|hero|about|features|testimonials|contact|footer
"Build me a writing blog site, its name is Golden Whisk, it should have a FAQ section and featured posts, don't add contact us page. Use orange colours. We are based in Denver.",blog,navbar|hero|about|features|faq|footer
"make a web page for women's shelter; add our programs, a contact section, questions and answers plus photos.",nonprofit,navbar|hero|about|features|gallery|testimonials|faq|contact|footer
vlog website: frequently asked questions and a short bio but no contact form. use teal colours. we are based in miami.,blog,navbar|hero|about|features|faq|footer
"generate website language school packages and rates, a photo gallery plus contact details",education,navbar|hero|about|features|gallery|pricing|faq|contact|footer
"I want a landing page for smoothie bar - a menu section, no contact form.",restaurant,navbar|hero|about|features|gallery|footer
"I need a landing page for a home decor blog ""Stone Bridge"". I am not technical at all.",blog,navbar|hero|about|features|contact|footer
"i need a simple web page for a bbq grill, its name is lotus works. include a way to get in touch and a short bio. use black and white colours.",restaurant,navbar|hero|about|features|gallery|contact|footer
please design a website for a coding club that shows questions and answers and a gallery. i'd like it to feel professional.,education,navbar|hero|about|features|gallery|faq|contact|footer
Create a moodern homepage for a landscaping business with a contact sectoin but don't add services. I'd like it to feel calm.,small_business,navbar|hero|about|testimonials|contact|footer
"Create a warm web presence for a music blog with a posts section, a contact us page plus a short bio.",blog,navbar|hero|about|features|contact|footer
"Please design a web page for a science club that shows client feedback, an about us page, fees and a photo gallery.",education,navbar|hero|about|features|gallery|pricing|testimonials|faq|contact|footer
make a web page for a vocational college named Atlas Design; add what people say about us and a contact section but don't add info about us. Use brown colours.,education,navbar|hero|features|testimonials|faq|contact|footer
generate website restaurant a tiny site with just questions and answers and our prices. Our customers keep asking for a proper site.,restaurant,navbar|hero|pricing|faq|footer
"make a website for a noodle house; add a pricing table, the food menu, an about us page and client feedback. Keep it easy to read.",restaurant,navbar|hero|about|features|gallery|pricing|testimonials|contact|footer
"Wildlife trust web page, elegant look, with a contact form, our initiatives but no member reviews ""Sweet Crumbs"".",nonprofit,navbar|hero|about|features|contact|footer
"Use black and white colours. Our customers keep asking for a proper site. I need a elegant site for a newsletter called Happy Tails. Include a tiny site with just a gallery, testimonials.",blog,navbar|hero|gallery|testimonials|footer
"Use blue colours. build a website for my daily diary, its name is Paw Palace.",blog,navbar|hero|about|features|contact|footer
"make a landing page for a science blog, its name is Quiet Pines; add price plans.",blog,navbar|hero|about|features|pricing|contact|footer
"We are based in Denver. Can you generate a elegant website for an ocean cleanup group named Open Door? I want pictures, our initiatives and an about section.",nonprofit,navbar|hero|about|features|gallery|testimonials|contact|footer
"Please design a homepage for a coding bootcamp ""Silver Fox"" that shows price plans plus an about us page.",education,navbar|hero|about|features|pricing|faq|contact|footer
"We are based in Portland. Create a friendly website for a maths tutoring service ""Maple Lane"" with an about me section.",education,navbar|hero|about|features|faq|contact|footer
"Use pink colours. Create a professional site for food bank with a photo gallery, our programs, and packages and rates.",nonprofit,navbar|hero|about|features|gallery|pricing|testimonials|contact|footer
"I need a elegant web page for cocktail bar, its name is Little Lantern. Include a way to get in touch but don't add story.",restaurant,navbar|hero|features|gallery|contact|footer
"make a website for a maths tutoring service; add our programs, an about section, member reviews",education,navbar|hero|about|features|testimonials|faq|contact|footer
make a website for a gaming blog; add a photo gallery and a contact us page,blog,navbar|hero|about|features|gallery|contact|footer
personal journal landing page called sunny side. we are based in chicago.,blog,navbar|hero|about|features|contact|footer
"I want a homepage for a wine bar called ""Mango Tree"" - only the food menu and a FAQ section.",restaurant,navbar|hero|features|faq|footer
"Please design a homepage for a wine bar ""Sunny Side"" that shows questions and answers and a showcase of photos. Keep it easy to read.",restaurant,navbar|hero|about|features|gallery|faq|contact|footer
Please design a web presence for a painting contractor that shows an about me section and service offerings. I'd like it to feel elegant.,small_business,navbar|hero|about|features|testimonials|contact|footer
"generate website community garden packages and rates, info about us, common questions and what people say about us.",nonprofit,navbar|hero|about|features|pricing|testimonials|faq|contact|footer
"I want a web page for writing blog called ""Sweet Crumbs"" - pictures and featured posts. We are based in Boston.",blog,navbar|hero|about|features|gallery|contact|footer
"generate website furniture store a tiny site with just a testimonials section, an FAQ plus a contact section",small_business,navbar|hero|testimonials|faq|contact|footer
Online academy web page: a gallery and an about me section,education,navbar|hero|about|features|gallery|faq|contact|footer
I am not technical at all. Can you generate a professional homepage for book review blog? I want a contact us page and a gallery but without about us page.,blog,navbar|hero|features|gallery|contact|footer
I am not technical at all. I need a simple website for law office. Include membership plans and common questions.,small_business,navbar|hero|about|features|pricing|testimonials|faq|contact|footer
It should look good on phones too. Maths tutoring service website.,education,navbar|hero|about|features|faq|contact|footer
"Writing blog web page ""Daily Brew"": photos, fees, a way to get in touch. Use black and white colours.",blog,navbar|hero|about|features|gallery|pricing|contact|footer
"Please design a homepage for a relief fund called Blue Harbor that shows common questions, an about section, and contact details. Use yellow colours.",nonprofit,navbar|hero|about|features|testimonials|faq|contact|footer
generate website creative director named Sweet Crumbs only location and contact info and a gallery,portfolio,navbar|hero|gallery|contact|footer
"generate website video editor, its name is Clear Path a gallery, questions and answers plus an about us page.",portfolio,navbar|hero|about|features|gallery|faq|contact|footer
"Wine bar homepage, minimal look, with an about me section, client feedback, a FAQ section ""Summit Learning"". Our customers keep asking for a proper site.",restaurant,navbar|hero|about|features|gallery|testimonials|faq|contact|footer
Create a stylish website for a sandwich shop called Paw Palace with questions and answers plus our dishes. Use purple colours.,restaurant,navbar|hero|about|features|gallery|faq|contact|footer
"We are based in Portland. I am not technical at all. I want a website for an illustrator - member reviews, frequently asked questions, packages and rates, a contact section.",portfolio,navbar|hero|about|features|gallery|pricing|testimonials|faq|contact|footer
"We have been around since 2015 and love what we do. Please design a website for a spanish classes, its name is Daily Brew that shows only common questions, pictures.",education,navbar|hero|gallery|faq|footer
We are based in Seattle. make a website for cancer research charity named Ink and Ivory; add frequently asked questions plus what people say about us.,nonprofit,navbar|hero|about|features|testimonials|faq|contact|footer
can you generate a minimal site for a piano lessons? i want a curriculum section.,education,navbar|hero|about|features|faq|contact|footer
newsletter site,blog,navbar|hero|about|features|contact|footer
"Create a responsive web presence for personal portfolio with ratings and reviews and frequently asked questions, no contact details.",portfolio,navbar|hero|about|features|gallery|testimonials|faq|footer
"I want a web page for a chocolate shop called Silver Fox - frequently asked questions, a short bio, packages and rates. We are based in Miami.",restaurant,navbar|hero|about|features|gallery|pricing|faq|contact|footer
"I'd like it to feel dark. It should look good on phones too. I want a web page for a yoga studio, its name is Ink and Ivory - fees plus location and contact info.",small_business,navbar|hero|about|features|pricing|testimonials|contact|footer
"Langguage shcool homepage, colourful look, with a FAQ section ""Urban Spoon""",education,navbar|hero|about|features|faq|contact|footer
"fitness blog web page, elegant look, with our prices called ""silver fox"". i'd like it to feel playful.",blog,navbar|hero|about|features|pricing|contact|footer
"I need a stylish web page for a bagel shop called Clear Path. Include fees, a photo gallery, and a menu. Use purple colours.",restaurant,navbar|hero|about|features|gallery|pricing|contact|footer
"I want a website for ceramics artist - a contact us page, client feedback and my projects. Our customers keep asking for a proper site.",portfolio,navbar|hero|about|features|gallery|testimonials|contact|footer
"Tree planting group site, elegant look, with an about us page, don't add student feedback called ""Mango Tree""",nonprofit,navbar|hero|about|features|contact|footer
Food bank landing page. I'd like it to feel calm. We are based in Portland.,nonprofit,navbar|hero|about|features|testimonials|contact|footer
"Create a bold web presence for an online course called Harvest Table with our programs, photos, frequently asked questions, packages and raets.",education,navbar|hero|about|features|gallery|pricing|faq|contact|footer
Create a clean website for a tech blog called Lotus Works with just a contact us page plus an about me section.,blog,navbar|hero|about|contact|footer
make me a elegant website for a piano lessons,education,navbar|hero|about|features|faq|contact|footer
"Please design a web page for a noodle house, its name is Urban Spoon that shows our dishes, a FAQ section and contact details.",restaurant,navbar|hero|about|features|gallery|faq|contact|footer
"use warm orange and brown colours. we are based in chicago. we have been around since 2015 and love what we do. website for an electrician, its name is stone bridge.",small_business,navbar|hero|about|features|testimonials|contact|footer
make me a friendly landding page for fashion designer. Use green colours.,portfolio,navbar|hero|about|features|gallery|contact|footer
"Create a professional website for a piano lessons, its name is Rapid Fix with the class schedule. We are based in Seattle.",education,navbar|hero|about|features|faq|contact|footer
"It should look good on phones too. Florist web presence named Ink and Ivory: packages and rates, contact details, reviews and our story.",small_business,navbar|hero|about|features|pricing|testimonials|contact|footer
"Create a responsive website for a songwriter with pictures, an FAQ plus an about us page. I am not technical at all.",portfolio,navbar|hero|about|features|gallery|faq|contact|footer
"make a web presence for tree surgeon ""aMngo Tree""; add location and contact info, a gallery, serviice offerings and guest reviews",small_business,navbar|hero|about|features|gallery|testimonials|contact|footer
"make a web presence for an university department; add a contact form, common questions. I am not technical at all.",education,navbar|hero|about|features|faq|contact|footer
Ceramics artist website called Green Valley: just a short bio and photos.,portfolio,navbar|hero|about|gallery|footer
"Please design a web page for a podcast site that shows a FAQ section, a list of recent articles plus a photo gallery.",blog,navbar|hero|about|features|gallery|faq|contact|footer
generate website insurance agency only a photo gallery plus a section about who we are. We are based in Portland.,small_business,navbar|hero|about|gallery|footer
Can you generate a responsive site for an art director? I want a contact us page and questions and answers. I am not technical at all.,portfolio,navbar|hero|about|features|gallery|faq|contact|footer
I need a simple website for a book review blog. Include a contact section and frequently asked questions but no latest posts. Use brown colours. Our customers keep asking for a proper site.,blog,navbar|hero|about|faq|contact|footer
"Please design a web presence for software engineer ""Sweet Crumbs"" that shows our story plus my projects.",portfolio,navbar|hero|about|features|gallery|contact|footer
"build a website for my ice cream parlour called ""Sunny Side"". Use navy colours. We are based in London.",restaurant,navbar|hero|about|features|gallery|contact|footer
"make a web page for a product designer; add membership plans, frequently asked questions, customer testimonials.",portfolio,navbar|hero|about|features|gallery|pricing|testimonials|faq|contact|footer
We have been around since 2015 and love what we do. Cleaning service website: a gallery.,small_business,navbar|hero|about|features|gallery|testimonials|contact|footer
Please design a homepage for a wellness blog that shows what people say about us but without short bio. I am not technical at all.,blog,navbar|hero|features|testimonials|contact|footer
Creperie web presence: a showcase of photos but without food menu,restaurant,navbar|hero|about|gallery|contact|footer
"I want a homepage for a freelance photographer, its name is Atlas Design - client feedback, info about us, a showcase of photos and price plans.",portfolio,navbar|hero|about|features|gallery|pricing|testimonials|contact|footer
"I want a web presence for a test prep course called ""Happy Tails"" - only contact details and fees. Use green colours.",education,navbar|hero|pricing|contact|footer
can you generate a friendly web presence for education charity? i want a tiny site with just our programs and fees. we are based in portland.,nonprofit,navbar|hero|features|pricing|footer
"build me a bistro web presence, it should have a pricing table, testimonials and a picture grid. use soft green colours. our customers keep asking for a proper site.",restaurant,navbar|hero|about|features|gallery|pricing|testimonials|contact|footer
"Build me a food truck landing page, it should have just a FAQ section and membership plans.",restaurant,navbar|hero|pricing|faq|footer
Dumpling house website named Bright Minds: fees and an FAQ. Use green colours. We are based in Miami.,restaurant,navbar|hero|about|features|gallery|pricing|faq|contact|footer
I want a web presence for potter - frequently asked questions plus photos. Use brown colours.,portfolio,navbar|hero|about|features|gallery|faq|contact|footer
I need a professional web page for non-profit named Sweet Crumbs. Include a gallery and our prices. Use deep blue colours.,nonprofit,navbar|hero|about|features|gallery|pricing|testimonials|contact|footer
I'd like it to feel playful. I want a website for a foundation - fees.,nonprofit,navbar|hero|about|features|pricing|testimonials|contact|footer
website for a salad bar. We are based in Dublin.,restaurant,navbar|hero|about|features|gallery|contact|footer
website for a piano lessons named Willow Creek.,education,navbar|hero|about|features|faq|contact|footer
make a site for donut shop; add only an image gallery plus common questions. We have been around since 2015 and love what we do.,restaurant,navbar|hero|gallery|faq|footer
I need a homepage for a piano lessons.,education,navbar|hero|about|features|faq|contact|footer
website for a restaurant called Paw Palace,restaurant,navbar|hero|about|features|gallery|contact|footer
"Gym website named Silver Fox: a services list, fees and a FAQ section",small_business,navbar|hero|about|features|pricing|testimonials|faq|contact|footer
"I need a elegant web presence for opinion blog named Green Valley. Include a short bio, cnotact details plus reviews. We are based in Protland. Keep it easy to read.",blog,navbar|hero|about|features|testimonials|contact|footer
"Build me a church group homepage, it should have just a list of causes, an abuot us page. Use green colours.",nonprofit,navbar|hero|about|features|footer
"Please design a landing page for a vlog ""Silver Fox"" that shows common questions, don't add section about who we are.",blog,navbar|hero|features|faq|contact|footer
bild a website for my cooking school. Use pink colousr.,education,navbar|hero|about|features|faq|contact|footer
"Window claning business site, clean look, with a gallery plus location and contact info. We have been around since 2015 and love what we do.",small_business,navbar|hero|about|features|gallery|testimonials|contact|footer
Can you generate a colourful web presence for car repair shop? I want a way to get in touch plus membership plans.,small_business,navbar|hero|about|features|pricing|testimonials|contact|footer
"I want a site for a musician, its name is Atlas Design - parent reviews plus a pricing table. Keep it easy to read.",portfolio,navbar|hero|about|features|gallery|pricing|testimonials|contact|footer
Can you generate a warm web presence for a podcast site? I want an about us page. Use blue colours.,blog,navbar|hero|about|features|contact|footer
"Student blog website named Open Door: a way to get in touch, a showcase of photos, and a pricing table. Our customers keep asking for a proper site.",blog,navbar|hero|about|features|gallery|pricing|contact|footer
"make a site for web developer; add just a showcase of photos, a short bio. Use red colours. I am not technical at all.",portfolio,navbar|hero|about|gallery|footer
make a homepage for animator; add only an about section and an image gallery.,portfolio,navbar|hero|about|gallery|footer
"make a site for an ice cream parlour; add a photo gallery and questions and answers, don't add location and contact info. Our customers keep asking for a proper site.",restaurant,navbar|hero|about|features|gallery|faq|footer
"Youth foundation website called ""Happy Tails"": an image gallery, an about section, a way to get in touch, frequently asked questions. We are based in London.",nonprofit,navbar|hero|about|features|gallery|testimonials|faq|contact|footer
I need a modern web presence for a design studio portfolio. Include pictures plus a contact form.,portfolio,navbar|hero|about|features|gallery|contact|footer
"It should look good on phones too. I need a friendly web presence for a writing blog. Include an FAQ, photos and client feedback.",blog,navbar|hero|about|features|gallery|testimonials|faq|contact|footer
I want a site for a writing blog - fees. We are based in London.,blog,navbar|hero|about|features|pricing|contact|footer
"Create a clean homepage for a youth foundation called Urban Spoon with pricing, a way to get in touch plus a section about who we are.",nonprofit,navbar|hero|about|features|pricing|testimonials|contact|footer
"generate wbsite non-profit customer testimonials, photos and membership plans.",nonprofit,navbar|hero|about|features|gallery|pricing|testimonials|contact|footer
Create a simple web page for a musician.,portfolio,navbar|hero|about|features|gallery|contact|footer
"Use red colours. Create a fresh web presence for a kindergarten with an about me section, skip common questions.",education,navbar|hero|about|features|contact|footer
"build me a heritage trust site, it should have an about us page. use soft green colours.",nonprofit,navbar|hero|about|features|testimonials|contact|footer
"Can you generate a professional web presence for a language school? I want a contact section, a testimonials section, an about me section, and a showcase of photos.",education,navbar|hero|about|features|gallery|testimonials|faq|contact|footer
Can you generate a stylish homepage for a tapas bar called Silver Fox? I want a menu section and a contact form.,restaurant,navbar|hero|about|features|gallery|contact|footer
"Create a elegant homepage for a coding club with frequently asked questions, an about me section, our programs, an image gallery. I am not technical at all.",education,navbar|hero|about|features|gallery|faq|contact|footer
"Maths club web presence, professional look, with just an image gallery, questions and answers and a testimonials section called ""Green Valley""",education,navbar|hero|gallery|testimonials|faq|footer
"I want a website for a maths club called ""Stone Bridge"" - an about us page, location and contact info.",education,navbar|hero|about|features|faq|contact|footer
"web developer site named maple lane: a section about who we are, a contact form, questions and answers and pricing.",portfolio,navbar|hero|about|features|gallery|pricing|faq|contact|footer
make me a colourful web page for a training institute.,education,navbar|hero|about|features|faq|contact|footer
"Create a stylish landing page for a makeup artist called ""Willow Creek"" with a contact us page, a FAQ section and what people say about us.",portfolio,navbar|hero|about|features|gallery|testimonials|faq|contact|footer
"Please design a homepage for a creperie that shows a gallery, fees, location and contact info and customer reviews.",restaurant,navbar|hero|about|features|gallery|pricing|testimonials|contact|footer
"I'd like it to feel playful. Create a playful landing page for a hardware store called ""Sunny Side"".",small_business,navbar|hero|about|features|testimonials|contact|footer
"Build me an ocean cleanup group landing page named Green Valley, it should have campaign highlights, pictures plus contact details.",nonprofit,navbar|hero|about|features|gallery|testimonials|contact|footer
build a website for my wellness blog named Pixel Nest,blog,navbar|hero|about|features|contact|footer
Can you generate a fresh web page for a dessert bar? I want common questions.,restaurant,navbar|hero|about|features|gallery|faq|contact|footer
"I'd like it to feel dark. We are based in Austin. I am not technical at all. Gym web presence, professional look, with our services, member reviews, pricing and photos.",small_business,navbar|hero|about|features|gallery|pricing|testimonials|contact|footer
"website for a fsahion blog clled ""Paw Palace"". It should look good on phones too.",blog,navbar|hero|about|features|contact|footer
I want a web page for freelance photographer - a showcase of photos and student reviews.,portfolio,navbar|hero|about|features|gallery|testimonials|contact|footer
"summer camp site, friendly look, with membership plans plus customer testimonials called ""paw palace"". i'd like it to feel professional. we are based in denver. i am not technical at all.",education,navbar|hero|about|features|pricing|testimonials|faq|contact|footer
Writing blog website: frequently asked questions but don't add way to get in touch. We are based in Toronto.,blog,navbar|hero|about|features|faq|footer
"make a landing page for a donut shop; add a short bio, common questions, membership plans and a contact us page",restaurant,navbar|hero|about|features|gallery|pricing|faq|contact|footer
Use pink colours. Can you generate a simple web presence for an auto garage? I want our services and questions and answers.,small_business,navbar|hero|about|features|testimonials|faq|contact|footer
"Create a colourful site for web developer called ""Stone Bridge"" with an about section, selected works, our prices, and frequently asked questions.",portfolio,navbar|hero|about|features|gallery|pricing|faq|contact|footer
"I need a professional homepage for orphanage. Include a way to get in touch, no story. I am not technial at all.",nonprofit,navbar|hero|features|testimonials|contact|footer
"generate website politics blog ""Open Door"" pricing, without about section.",blog,navbar|hero|features|pricing|contact|footer
"build me a cartoonist landing page, its name is nova studio, it should have a gallery, reviews, pricing, location and contact info.",portfolio,navbar|hero|about|features|gallery|pricing|testimonials|contact|footer
"Create a minimal web presence for a volunteer organisation ""Golden Whisk"" with our programs, an about us page, a FAQ section, a picture grid. Keep it easy to read.",nonprofit,navbar|hero|about|features|gallery|testimonials|faq|contact|footer
"generate website test prep course a contact section, an about us page, customer reviews. Use deep blue colours. We are based in Austin.",education,navbar|hero|about|features|testimonials|faq|contact|footer
Can you generate a professional web page for a writing blog? I want a picture grid plus a pricing table.,blog,navbar|hero|about|features|gallery|pricing|contact|footer
"make a website for a fish and chip shop ""pixel nest""; add a contact us page. i am not technical at all.",restaurant,navbar|hero|about|features|gallery|contact|footer
website for a spanish classes. Use blue colours.,education,navbar|hero|about|features|faq|contact|footer
"We are based in Miami. I need a simple web presence for a tree surgeon called ""Golden Whisk"". Include questions and answers and pricing.",small_business,navbar|hero|about|features|pricing|testimonials|faq|contact|footer
I need a web presence for a tapas bar named Urban Spoon,restaurant,navbar|hero|about|features|gallery|contact|footer
"Create a playful homepage for a dessert bar with only what people say about us, a picture grid and a menu. Our customers keep asking for a proper site.",restaurant,navbar|hero|features|gallery|testimonials|footer
"I want a web presence for a journalist, its name is Red Barn - a testimonials section, an FAQ and a contact us page.",portfolio,navbar|hero|about|features|gallery|testimonials|faq|contact|footer
website for a creperie named Little Lantern. Use navy colours.,restaurant,navbar|hero|about|features|gallery|contact|footer
"Cerate a warm web presence for daily diary called Happy Tails with a way to get in touuch, a picture grid and a section about who we are. Keep it easy to read.",blog,navbar|hero|about|features|gallery|contact|footer
make me a simple web page for a gaming blog. I'd like it to feel professional. I am not technical at all.,blog,navbar|hero|about|features|contact|footer
"Create a professional homepage for soup kitchen called Rapid Fix with client feedback, a contact us page, an image gallery, our story.",nonprofit,navbar|hero|about|features|gallery|testimonials|contact|footer
"Create a simple site for massage clinic with info about us, service offerings, photos and questions and answers. Use blue colours.",small_business,navbar|hero|about|features|gallery|testimonials|faq|contact|footer
make a website for maths tutoring service; add fees,education,navbar|hero|about|features|pricing|faq|contact|footer
"I need a modern web presence for a tapas bar named Little Lantern. Include customer testimonials, price plans but skip gallery. I am not technical at all.",restaurant,navbar|hero|about|features|pricing|testimonials|contact|footer
Use red colours. build a website for my community centre.,nonprofit,navbar|hero|about|features|testimonials|contact|footer
"I want a landing page for a kindergarten - just a pricing table, reviews from our clients. We have been around since 2015 and love what we do.",education,navbar|hero|pricing|testimonials|footer
"Scholarship fund web page, playful look, with a tiny site with just testimonials and our story. Use brown colours. We are based in Miami.",nonprofit,navbar|hero|about|testimonials|footer
"Build me a dental clinic web presence, its name is Willow Creek, it should have location and contact info, frequently asked questions and service offerings.",small_business,navbar|hero|about|features|testimonials|faq|contact|footer
"make a site for a filmmaker ""Red Barn""; add a gallery, our story, and selected works. I'd like it to feel bold.",portfolio,navbar|hero|about|features|gallery|contact|footer
Trattoria website. Use deep blue colours.,restaurant,navbar|hero|about|features|gallery|contact|footer
"I need a modern web page for a bistro, its name is Rapid Fix. Include fees, a menu section but without contact details.",restaurant,navbar|hero|about|features|gallery|pricing|footer
"smoothie bar homepage, simple look, with contact details, a list of our specials, parent reviews plus questions and answers.",restaurant,navbar|hero|about|features|gallery|testimonials|faq|contact|footer
website for a community garden,nonprofit,navbar|hero|about|features|testimonials|contact|footer
"Create a bold landing page for pastry shop called ""Ink and Ivory"" with a list of our specials, our story and packages and rates.",restaurant,navbar|hero|about|features|gallery|pricing|contact|footer
"crate a simple site for a wellness blog called open door with a faq section, info about us, don't add latest posts. use purple colours.",blog,navbar|hero|about|faq|contact|footer
"Create a playful web page for a gym with a contact section, no services list.",small_business,navbar|hero|about|testimonials|contact|footer
"Use teal colours. Keep it easy to read. website for maths tutoring service, its name is Quiet Pines.",education,navbar|hero|about|features|faq|contact|footer
"make a web presence for a web developer named Golden Whisk; add a contact form, a projects section, and an FAQ.",portfolio,navbar|hero|about|features|gallery|faq|contact|footer
"Build me a creperie web page named Open Door, it should have reviews from our clients, contact details, and a pricing table.",restaurant,navbar|hero|about|features|gallery|pricing|testimonials|contact|footer
"build a website for my filmmaker, its name is Happy Tails",portfolio,navbar|hero|about|features|gallery|contact|footer
"3D artist homepage: location and contact info, questions and answers, a short bio and pricing. Use warm orange and brown colours.",portfolio,navbar|hero|about|features|gallery|pricing|faq|contact|footer
i want a web presence for a piano lessons - reviews from our clients plus membership plans.,education,navbar|hero|about|features|pricing|testimonials|faq|contact|footer
"I need a minimal web page for video editor, its name is Iron Oak. Include a short bio plus a contact form.",portfolio,navbar|hero|about|features|gallery|contact|footer
"Create a warm landing page for a food truck with a short bio, price plans, and a contact form.",restaurant,navbar|hero|about|features|gallery|pricing|contact|footer
"I need a stylish web presence for a chocolate shop. Incclude questions and answers, info about us and packages and rates. We are based in Lodnon. Our customers keep asking for a proper site.",restaurant,navbar|hero|about|features|gallery|pricing|faq|contact|footer
"Can you generate a responsive website for bookshop called ""Blue Harbor""? I want a services list and our story. It should look good on phones too.",small_business,navbar|hero|about|features|testimonials|contact|footer
build a website for my NGO. Our customers keep asking for a proper site.,nonprofit,navbar|hero|about|features|testimonials|contact|footer
"Please design a web page for bistro called ""Golden Whisk"" that shows a FAQ section and info about us.",restaurant,navbar|hero|about|features|gallery|faq|contact|footer
"Use orange colours. Create a professional landing page for a writing blog called ""Rapid Fix"" with an FAQ, guest reviews, a gallery and latest posts.",blog,navbar|hero|about|features|gallery|testimonials|faq|contact|footer
"generate website personal journal just article highlights, a showcase of photos, and student feedback.",blog,navbar|hero|features|gallery|testimonials|footer
"Soup kitchhen homepage, professional look, with an about us page, an FAQ, and feedback from customers.",nonprofit,navbar|hero|about|features|testimonials|faq|contact|footer
"Politics blog site called ""Quiet Pines"": photos, featured posts, an FAQ",blog,navbar|hero|about|features|gallery|faq|contact|footer
"Can you generate a playful web presence for a fashion designer ""Stone Bridge""? I want price plans, questions and answers, a short bio.",portfolio,navbar|hero|about|features|gallery|pricing|faq|contact|footer
generate website CV website named Stone Bridge a tiny site with just a contact section and a showcase of my work.,portfolio,navbar|hero|features|contact|footer
generate website product designer an image gallery and questions and answers but without contact section,portfolio,navbar|hero|about|features|gallery|faq|footer
make a site for a florist; add an about me section and an FAQ but without parent reviews. We are based in Dublin.,small_business,navbar|hero|about|features|faq|contact|footer
"I need a warm web page for a creperie called ""Daily Brew"". Include a contact us page and a gallery. I'd like it to feel professional.",restaurant,navbar|hero|about|features|gallery|contact|footer
Creperie landing page named Quiet Pines.,restaurant,navbar|hero|about|features|gallery|contact|footer
flight school web page named quiet pines,education,navbar|hero|about|features|faq|contact|footer
"make a homepage for a tree surgeon; add a faq section, packages and rates, and testimonials. use red colours.",small_business,navbar|hero|about|features|pricing|testimonials|faq|contact|footer
build a website for my fitness blog,blog,navbar|hero|about|features|contact|footer
"build me a cooking school website named bright minds, it should have common questions, our prices.",education,navbar|hero|about|features|pricing|faq|contact|footer
"Podcast site web page: just pictures, contact details.",blog,navbar|hero|gallery|contact|footer
"I want a web presence for a smoothie bar - membership plans, without menu section. Use dark grey colours.",restaurant,navbar|hero|about|gallery|pricing|contact|footer
"generate website landscaping business ""Summit Learning"" price plans and info about us",small_business,navbar|hero|about|features|pricing|testimonials|contact|footer
"make a website for a veterans association ""Bright Minds""; add a pricing table. We are based in Seattle.",nonprofit,navbar|hero|about|features|pricing|testimonials|contact|footer
Can you generate a warm landing page for a blog? I want a contact us page but skip latest posts.,blog,navbar|hero|about|contact|footer
"We are based in Toronto. Law office web page called ""Golden Whisk"".",small_business,navbar|hero|about|features|testimonials|contact|footer
"make a site for massage clinic; add frequently asked questions, a contact section plus student reviews",small_business,navbar|hero|about|features|testimonials|faq|contact|footer
make me a professional website for a politics blog. We are based in Miami. I am not tecchnical at all.,blog,navbar|hero|about|features|contact|footer
"Use deep blue colours. Our customers keep asking for a proper site. generate website bagel shop called ""Cedar & Co"" price plans, a contact us page plus a section about who we are.",restaurant,navbar|hero|about|features|gallery|pricing|contact|footer
I need a web page for a vocational college.,education,navbar|hero|about|features|faq|contact|footer
"make a web page for a coding club called ""Cedar & Co""; add a tiny site with just a photo gallery, our prices",education,navbar|hero|gallery|pricing|footer
"Plesae deesign a web page for nursery school, its name is Harvest Table that shows an FAQ, a short bio and a photo gallery.",education,navbar|hero|about|features|gallery|faq|contact|footer
"make a website for a salad bar, its name is Urban Spoon; add parent reviews and a gallery but skip story. Use purple colours.",restaurant,navbar|hero|features|gallery|testimonials|contact|footer
"Cocktail bar web pressence, elegant look, with guest reviews, pictures, a contact us page and a short bio, its name is Atlas Design",restaurant,navbar|hero|about|features|gallery|testimonials|contact|footer
"We are based in Denver. I am not technical at all. Olnine course website callled Urban Spoon: a short bio, questions and answers, and corse listings.",education,navbar|hero|about|features|faq|contact|footer
"Create a minimal website for a curry house with questions and answers, a short bio plus a menu. We are based in Toronto.",restaurant,navbar|hero|about|features|gallery|faq|contact|footer
"Build me a cleaning service web presence, its name is Sweet Crumbs, it should have photos and a pricing table.",small_business,navbar|hero|about|features|gallery|pricing|testimonials|contact|footer
"We are based in Portland. Can you generate a clean site for a lifestyle blog called Pixel Nest? I want only a FAQ section, packages and rates.",blog,navbar|hero|pricing|faq|footer
"Can you generate a warm site for a mutual aid network named Nova Studio? I want an FAQ, a contact form plus fees. I'd like it to feel professional.",nonprofit,navbar|hero|about|features|pricing|testimonials|faq|contact|footer
"Please design a landing page for a food truck that shows a menu section, photos, a short bio and student feedback.",restaurant,navbar|hero|about|features|gallery|testimonials|contact|footer
Create a responsive web presence for smoothie bar with a pricing table.,restaurant,navbar|hero|about|features|gallery|pricing|contact|footer
I want a web page for a charity - just a contact section and a showcase of photos.,nonprofit,navbar|hero|gallery|contact|footer
I need a website for a painting contractor. I'd like it to feel bold. We are based in Boston.,small_business,navbar|hero|about|features|testimonials|contact|footer
"generate website crpeerie a tiny site with just a contact form, our prices",restaurant,navbar|hero|pricing|contact|footer
"Create a friendly web presence for charity, its name is Green Valley with a showcase of photos. I'd like it to feel calm.",nonprofit,navbar|hero|about|features|gallery|testimonials|contact|footer
I need a warm web page for a NGO. Include just contact details and our prices.,nonprofit,navbar|hero|pricing|contact|footer
Create a colourful homepage for a burger joint with customer reviews but skip about us page. Use yelow colours.,restaurant,navbar|hero|features|gallery|testimonials|contact|footer
"Tutoring academy website: a gallery, a curriculum section and an about us page.",education,navbar|hero|about|features|gallery|faq|contact|footer
Please design a landing page for online academy that shows an about me section.,education,navbar|hero|about|features|faq|contact|footer
I need a bold web page for an ice cream parlour. Include fees. Use purple colours.,restaurant,navbar|hero|about|features|gallery|pricing|contact|footer
build a website for my home decor blog called Urban Spoon,blog,navbar|hero|about|features|contact|footer
"make a landing page for a music school called ""Happy Tails""; add a contact section. I'd like it to feel playful. We are based in Boston.",education,navbar|hero|about|features|faq|contact|footer
"make a landing page for a test prep course named Mango Tree; add common questions, a curriculum section plus contact details. It should look good on phones too.",education,navbar|hero|about|features|faq|contact|footer
"I'd like it to feel playful. build a website for my pancake house called ""Happy Tails"".",restaurant,navbar|hero|about|features|gallery|contact|footer
"Can you generate a modern website for an education charity, its name is Nova Studio? I want a photo gallery and a FAQ section.",nonprofit,navbar|hero|about|features|gallery|testimonials|faq|contact|footer
I need a homepage for a podcast site. Our customers keep asking for a proper site.,blog,navbar|hero|about|features|contact|footer
"make a site for a vocational college called ""green valley""; add frequently asked questions, a contact us page, and fees",education,navbar|hero|about|features|pricing|faq|contact|footer
"Build me an ice cream parlour site named Harvest Table, it should have a showcase of photos, without contact details. We are based in Chicago. Keep it easy to read.",restaurant,navbar|hero|about|features|gallery|footer
"Personal portfolio website ""Willow Creek"": my projects plus questions and answers. I'd like it to feel professional. Our customers keep asking for a proper site.",portfolio,navbar|hero|about|features|gallery|faq|contact|footer
"I need a colourful web page for a flight school called ""Rapid Fix"". Include a photo gallery, packages and rates, location and contact info.",education,navbar|hero|about|features|gallery|pricing|faq|contact|footer
I need a landing page for songwriter,portfolio,navbar|hero|about|features|gallery|contact|footer
"Can you generate a fresh website for an electrician? I want testimonials, a section for what we offer. Use oarnge colours. Keep it easy to read.",small_business,navbar|hero|about|features|testimonials|contact|footer
"I need a clean web page for a cafe called ""Iron Oak"". Include a photo gallery. I'd like it to feel bold. We are based in Boston.",restaurant,navbar|hero|about|features|gallery|contact|footer
"We are based in Portland. Create a clean web presence for video editor ""Harvest Table"".",portfolio,navbar|hero|about|features|gallery|contact|footer
"I'd like it to feel bold. generate website cleaning service called ""Rapid Fix"" fees and our services but without contact us page.",small_business,navbar|hero|about|features|pricing|testimonials|footer
"Travel agency homepage called ""Clear Path"": a section for what we offer, an image gallery, and common questions. It should look good on phones too.",small_business,navbar|hero|about|features|gallery|testimonials|faq|contact|footer
"Build me a musician site, it should have testimonials, an about me section.",portfolio,navbar|hero|about|features|gallery|testimonials|contact|footer
"make a web page for a seafood restaurant; add student feedback, our dishes, a section about who we are",restaurant,navbar|hero|about|features|gallery|testimonials|contact|footer
Create a responsive landing page for an animal shelter named Stone Bridge.,nonprofit,navbar|hero|about|features|testimonials|contact|footer
"I am not technical at all. Taxi company landing page ""Silver Fox"".",small_business,navbar|hero|about|features|testimonials|contact|footer
"generate website yoga studio ""Ink and Ivory"" our prices and questions and answers",small_business,navbar|hero|about|features|pricing|testimonials|faq|contact|footer
make me a warm web page for a real estate agency. I am not tehcnical at all.,small_business,navbar|hero|about|features|testimonials|contact|footer
"Use blue colours. I want a landing page for pet blog - frequently asked questions, pictures and an about me section.",blog,navbar|hero|about|features|gallery|faq|contact|footer
"Orphanage website, friendly look, with price plans plus an FAQ. Our customers keep asking for a proper site.",nonprofit,navbar|hero|about|features|pricing|testimonials|faq|contact|footer
"I need a clean web presence for fitness blog called ""Little Lantern"". Include our story, packages and rates and a showcase of photos.",blog,navbar|hero|about|features|gallery|pricing|contact|footer
make a website for a home decor blog; add just parent reviews plus a contact section. Use green colours.,blog,navbar|hero|testimonials|contact|footer
I need a landing page for an art director named Ink and Ivory. We are based in Toronto. I am not technical at all.,portfolio,navbar|hero|about|features|gallery|contact|footer
Use soft green colours. Create a bold web page for food truck.,restaurant,navbar|hero|about|features|gallery|contact|footer
i want a webstie for fashion blog - a posts secttion and member reviews.,blog,navbar|hero|about|features|testimonials|contact|footer
I'd like it to feel friendly. We have been around since 2015 and love what we do. website for a consulting firm.,small_business,navbar|hero|about|features|testimonials|contact|footer
"heritage trust website named sunny side: just an faq, an about us page. use brown colours. it shold look good on phones too.",nonprofit,navbar|hero|about|faq|footer
Please design a web page for a writing blog that shows featured posts plus common questions. I'd like it to feel dark.,blog,navbar|hero|about|features|faq|contact|footer
"generate website tree surgeon called Pixel Nest only a picture grid, our story",small_business,navbar|hero|about|gallery|footer
Please design a site for pet grooming shop that shows an image gallery and contact details.,small_business,navbar|hero|about|features|gallery|testimonials|contact|footer
I need a web page for hair salon,small_business,navbar|hero|about|features|testimonials|contact|footer
"Use deep blue colours. Create a fresh web page for a daily diary, its name is Summit Learning.",blog,navbar|hero|about|features|contact|footer
"I want a landing page for window cleaning business called ""Green Valley"" - a FAQ section. Use purple colours. We are based in Miami.",small_business,navbar|hero|about|features|testimonials|faq|contact|footer
use blue colours. science blog web page: membership plans but without list of recent articles.,blog,navbar|hero|about|pricing|contact|footer
make a site for an online academy; add contact details and an image gallery. Use navy colours.,education,navbar|hero|about|features|gallery|faq|contact|footer
"I'd like it to feel dark. Our customers keep asking for a proper site. Create a friendly web page for cultural society called ""Stone Bridge"" with pricing.",nonprofit,navbar|hero|about|features|pricing|testimonials|contact|footer
make a landing page for DJ; add student reviews and location and contact info but don't add photos. Use red colours.,portfolio,navbar|hero|about|features|testimonials|contact|footer
"Create a fresh homepage for foundation with price plans, a picture grid, an about section.",nonprofit,navbar|hero|about|features|gallery|pricing|testimonials|contact|footer
"Accounting firm homepage, stylish look, with contact details plus a FAQ section named Green Valley",small_business,navbar|hero|about|features|testimonials|faq|contact|footer
make me a warm homepage for a deli. i'd like it to feel bold.,restaurant,navbar|hero|about|features|gallery|contact|footer
i want a landing page for reading club - only an image gallery and a contact form.,education,navbar|hero|gallery|contact|footer
"make a homepage for a potter; add pictures, a section about who we are, fees and common questions.",portfolio,navbar|hero|about|features|gallery|pricing|faq|contact|footer
"create a playful web page for teacher training programme, its name is mango tree.",education,navbar|hero|about|features|faq|contact|footer
"Can you generate a responsive homepage for a rescue centre? I want a showcase of photos, campaign highlights.",nonprofit,navbar|hero|about|features|gallery|testimonials|contact|footer
"Please design a web page for a wildlife trust called ""Clear Path"" that shows a FAQ section, a picture grid. We are based in Seattle. I am not technical at all.",nonprofit,navbar|hero|about|features|gallery|testimonials|faq|contact|footer
I want a homepage for a graphic designer - only customer reviews plus a photo gallery.,portfolio,navbar|hero|gallery|testimonials|footer
make me a minimal web page for a CV website,portfolio,navbar|hero|about|features|gallery|contact|footer
Test prep course web presence: photos,education,navbar|hero|about|features|gallery|faq|contact|footer
We are based in Toronto. I need a landing page for a bakery.,restaurant,navbar|hero|about|features|gallery|contact|footer
"Test prep course web page: a list of courses and an FAQ, without contact us page.",education,navbar|hero|about|features|faq|footer
create a simple site for a music blog named rapid fix. we are based in toronto.,blog,navbar|hero|about|features|contact|footer
build a website for my massage clinic,small_business,navbar|hero|about|features|testimonials|contact|footer
"Build me a furniture store homepage, its name is Quiet Pines, it should have our services, info about us and a contact form. We have been around since 2015 and love what we do.",small_business,navbar|hero|about|features|testimonials|contact|footer
website for bistro,restaurant,navbar|hero|about|features|gallery|contact|footer
"Smoothie bar web presence, professional look, with our prices but skip contact us page.",restaurant,navbar|hero|about|features|gallery|pricing|footer
"Please design a web page for a bbq grill that shows a contact us page, a menu section, and student feedback.",restaurant,navbar|hero|about|features|gallery|testimonials|contact|footer
"Create a elegant website for an architect with only a photo gallery, guest reviews. Use blue colours.",portfolio,navbar|hero|gallery|testimonials|footer
"generate website volunteer organisation ""Little Lantern"" a pricing table. Use red colours. It should look good on phones too.",nonprofit,navbar|hero|about|features|pricing|testimonials|contact|footer
make a homepage for a driving school; add only a contact form and parent reviews. We are based in Boston.,education,navbar|hero|testimonials|contact|footer
I want a homepage for a chraity - a photo gallery and common questions. We have been around since 2015 and love what we do.,nonprofit,navbar|hero|about|features|gallery|testimonials|faq|contact|footer
"Real estate agency site called Quiet Pines: location and contact info, an FAQ, packages and rates and an about section. We are based in Dublin. We have been around since 2015 and love what we do.",small_business,navbar|hero|about|features|pricing|testimonials|faq|contact|footer
"Create a simple homepage for a sports blog with what people say about us, our story, and frequently asked questions.",blog,navbar|hero|about|features|testimonials|faq|contact|footer
I'd like it to feel dark. Church group homepage: an about section and our prices.,nonprofit,navbar|hero|about|features|pricing|testimonials|contact|footer
"Car repair shop web presence, bold look, with a FAQ section, a showcase of photos but don't add services. Use orange colours. Keep it easy to read.",small_business,navbar|hero|about|gallery|testimonials|faq|contact|footer
make me a responsive site for a sanish classes. I'd like it to feel playful.,education,navbar|hero|about|features|faq|contact|footer
"Music blog site, simple look, with common questions, a list of recent articles plus an image gallery. I'd like it to feel calm.",blog,navbar|hero|about|features|gallery|faq|contact|footer
We are based in Portland. website for a potter called Summit Learning.,portfolio,navbar|hero|about|features|gallery|contact|footer
"Build me a curry house website, it should have student feedback.",restaurant,navbar|hero|about|features|gallery|testimonials|contact|footer
I need a web presence for wildlife trust called Ink and Ivory,nonprofit,navbar|hero|about|features|testimonials|contact|footer
"I want a website for a mutual aid network - customer testimonials, a picture grid, a contact us page plus an FAQ.",nonprofit,navbar|hero|about|features|gallery|testimonials|faq|contact|footer
"Create a responsive site for a swimming school with a contact section, no curriculum section.",education,navbar|hero|about|faq|contact|footer
"Use orange colours. I want a web page for a chocolate shop - a section about who we are, membership plans.",restaurant,navbar|hero|about|features|gallery|pricing|contact|footer
"please design a web presence for a copywriter called silver fox that shows student reviews, case studies, a contact us page plus fees.",portfolio,navbar|hero|about|features|gallery|pricing|testimonials|contact|footer
"generate website scholarship fund common questions, a showcase of photos, our initiatives, member reviews",nonprofit,navbar|hero|about|features|gallery|testimonials|faq|contact|footer
"small business site: our story, a way to get in touch, membership plans plus service offerings. use green colours. it should look good on phones too.",small_business,navbar|hero|about|features|pricing|testimonials|contact|footer
I need a responsive homepage for a coding bootcamp. Include only common questions and reviews from our clients.,education,navbar|hero|testimonials|faq|footer
"I want a landing page for a coffee shop ""Pixel Nest"" - feedback from customers. Use red colours.",restaurant,navbar|hero|about|features|gallery|testimonials|contact|footer
Can you generate a colourful site for an illustrator? I want location and contact info plus our prices.,portfolio,navbar|hero|about|features|gallery|pricing|contact|footer
"Create a elegant site for journalist called Ink and Ivory with only guest reviews, an image gallery. I am not technical at all.",portfolio,navbar|hero|gallery|testimonials|footer
"Please design a site for a food bank called Pixel Nest that shows location and contact info, a showcase of photos plus parent reviews. We have been around since 2015 and love what we do.",nonprofit,navbar|hero|about|features|gallery|testimonials|contact|footer
make me a playful site for bookshop. We are based in Dublin.,small_business,navbar|hero|about|features|testimonials|contact|footer
"Create a modern web presence for a tree surgeon called ""Harvest Table"" with contact details plus a gallery.",small_business,navbar|hero|about|features|gallery|testimonials|contact|footer
website for rescue centre,nonprofit,navbar|hero|about|features|testimonials|contact|footer
Hair salon web presence: common questions. We are based in Denver.,small_business,navbar|hero|about|features|testimonials|faq|contact|footer
Create a simple landing page for a science club with a contact section and questions and answers.,education,navbar|hero|about|features|faq|contact|footer
"We have been around since 2015 and love what we do. Alumni association web page called ""Sweet Crumbs"".",nonprofit,navbar|hero|about|features|testimonials|contact|footer
"Create a playful web page for a newsletter with frequently asked questions, latest posts, a contact form and price plans.",blog,navbar|hero|about|features|pricing|faq|contact|footer
use orange colours. build a website for my coding bootcamp.,education,navbar|hero|about|features|faq|contact|footer
I need a homepage for a video editor,portfolio,navbar|hero|about|features|gallery|contact|footer
"Writing blog website: member reviews, a contact section, a showcase of photos",blog,navbar|hero|about|features|gallery|testimonials|contact|footer
ceate a minimal site for a swimming school with pictures and an about me secction. i am not tecnhical at all.,education,navbar|hero|about|features|gallery|faq|contact|footer
I want a web presence for a portfolio - pricing plus questions and answers but don't add projects. I'd like it to feel dark. We are based in Denver.,portfolio,navbar|hero|about|gallery|pricing|faq|contact|footer
i'd like it to feel bold. generate website non-profit student feedback and questions and answers.,nonprofit,navbar|hero|about|features|testimonials|faq|contact|footer
"build a website for my product designer ""Rapid Fix"".",portfolio,navbar|hero|about|features|gallery|contact|footer
make a homepage for a car repair shop; add a section for what we offer and price plans. We are based in Portland.,small_business,navbar|hero|about|features|pricing|testimonials|contact|footer
"Can you generate a colourful web page for a summer camp called ""Harvest Table""? I want the class schedule plus a photo gallery. We are based in Miami.",education,navbar|hero|about|features|gallery|faq|contact|footer
Create a playful site for an alumni association with our initiatives.,nonprofit,navbar|hero|about|features|testimonials|contact|footer
"I need a minimal web presence for health charity. Include client feedback, pictures, a FAQ section and pricing.",nonprofit,navbar|hero|about|features|gallery|pricing|testimonials|faq|contact|footer
"Build me a wedding photographer web presence ""Cedar & Co"", it should have info about us and fees.",portfolio,navbar|hero|about|features|gallery|pricing|contact|footer
"Charity homepage, clean look, with a way to get in touch, an about us page, a testimonials section, what we do. Our customers keep asking for a prroper site.",nonprofit,navbar|hero|about|features|testimonials|contact|footer
"make a homepage for a filmmaker called Blue Harbor; add reviews, pricing plus a short bio. Use navy colours. We are based in Seattle.",portfolio,navbar|hero|about|features|gallery|pricing|testimonials|contact|footer
"Reading club web presence, friendly look, with location and contact info and an image gallery ""Open Door""",education,navbar|hero|about|features|gallery|faq|contact|footer
make a web page for newsletter; add client feedback and latest posts,blog,navbar|hero|about|features|testimonials|contact|footer
we are based in miami. i need a website for a hair salon.,small_business,navbar|hero|about|features|testimonials|contact|footer
"I need a stylish homepage for cultural society. Include only photos, info about us and a testimonials section. Use yellow colours. We are based in London.",nonprofit,navbar|hero|about|gallery|testimonials|footer
Cleaning service web page,small_business,navbar|hero|about|features|testimonials|contact|footer
"I want a website for a coding club - a tiny site with just a FAQ section, our story.",education,navbar|hero|about|faq|footer
"Can you generate a warm site for an architect named Red Barn? I want questions and answers, reviews from our clients, case studies. I'd like it to feel calm. Keep it easy to read.",portfolio,navbar|hero|about|features|gallery|testimonials|faq|contact|footer
Please design a landing page for a relief fund that shows a way to get in touch and customer reviews.,nonprofit,navbar|hero|about|features|testimonials|contact|footer
"can you generate a modern landing page for a lifestyle blog named cedar & co? i want a contact form, a picture grid and a short bio. i'd like it to feel playful.",blog,navbar|hero|about|features|gallery|contact|footer
i need a colourful web page for a school named nova sutdio. include qestions and answers plus a short bio but without loctaion and contact info.,education,navbar|hero|about|features|faq|footer
"I want a site for a small business - info about us, a testimonials section.",small_business,navbar|hero|about|features|testimonials|contact|footer
"build me a summer camp site, it should have packages and rates, pictures.",education,navbar|hero|about|features|gallery|pricing|faq|contact|footer
"make a web presence for a product designer named Clear Path; add location and contact info, a short bio plus student feedback.",portfolio,navbar|hero|about|features|gallery|testimonials|contact|footer
Ceramics artist site named Green Valley: pictures and an about section. Our customers keep asking for a proper site.,portfolio,navbar|hero|about|features|gallery|contact|footer
"Video editor web page, its name is Rapid Fix: pricing and an image gallery but no contact us page. We are based in Dublin. It should look good on phones too.",portfolio,navbar|hero|about|features|gallery|pricing|footer
generate website science blog questions and answers and student reviews,blog,navbar|hero|about|features|testimonials|faq|contact|footer
I want a web page for a portfolio - a showcase of photos plus common questions. I am not technical at all.,portfolio,navbar|hero|about|features|gallery|faq|contact|footer
We are based in Miami. I need a landing page for a coding club.,education,navbar|hero|about|features|faq|contact|footer
"Wellness blog web page, responsive look, with article highlights and common questions. Use pink colours. We are based in London.",blog,navbar|hero|about|features|faq|contact|footer
"Youth foundation web presence ""Happy Tails"": our prices. I am not technical at all.",nonprofit,navbar|hero|about|features|pricing|testimonials|contact|footer
"I need a website for portfolio ""Sunny Side"". Keep it easy to read.",portfolio,navbar|hero|about|features|gallery|contact|footer
"Build me a consulting firm website, its name is Paw Palace, it should have a contact us page, pricing. Use red colours.",small_business,navbar|hero|about|features|pricing|testimonials|contact|footer
Can you generate a bold landing page for a minimalism blog? I want an about us page and latest posts.,blog,navbar|hero|about|features|contact|footer
I'd like it to feel friendly. We are based in Denver. Keep it easy to read. generate website test prep course the class schedule.,education,navbar|hero|about|features|faq|contact|footer
"Build me a home decor blog site, it should have contact details but don't add about us page. Use deep blue colours.",blog,navbar|hero|features|contact|footer
"Insurance agency web page ""Sweet Crumbs"": a tiny site with just our services, frequently asked questions, and a photo gallery",small_business,navbar|hero|features|gallery|faq|footer
Use deep blue colours. I want a site for veterans association - customer testimonials plus an image gallery.,nonprofit,navbar|hero|about|features|gallery|testimonials|contact|footer
build a website for my cancer research charity. We are based in Dublin.,nonprofit,navbar|hero|about|features|testimonials|contact|footer
"Can you generate a fresh homepage for sculptor called ""Red Barn""? I want parent reviews.",portfolio,navbar|hero|about|features|gallery|testimonials|contact|footer
I need a website for a charity. It should look good on phones too.,nonprofit,navbar|hero|about|features|testimonials|contact|footer
"Please design a web page for nursery school that shows an FAQ, a contact form and a curriculum section.",education,navbar|hero|about|features|faq|contact|footer
I'd like it to feel friendly. make a web page for a kindergarten; add pricing and a showcase of photos.,education,navbar|hero|about|features|gallery|pricing|faq|contact|footer
I need a playful website for a swimming school. Include loccation and contact info. I'd like it to feel dark.,education,navbar|hero|about|features|faq|contact|footer
"Create a resposnive homepage for a college ""Quiet Pines"" with a short bio, contact detaills, a piccture grid. We are based in Chicago.",education,navbar|hero|about|features|gallery|faq|contact|footer
"make a site for a portfolio named Open Door; add an FAQ, student reviews, and a contact us page. It should look good on phones too.",portfolio,navbar|hero|about|features|gallery|testimonials|faq|contact|footer
"Build me a landscaping business site, it should have a picture grid, our prices, our services.",small_business,navbar|hero|about|features|gallery|pricing|testimonials|contact|footer
"i need a elegant website for a teacher training programme called ""urban spoon"". include common questions and a contact form. it should look good on phones too.",education,navbar|hero|about|features|faq|contact|footer
I want a web presence for ceramics artist - frequently asked questions plus our prices. Use yellow colours.,portfolio,navbar|hero|about|features|gallery|pricing|faq|contact|footer
Create a friendly site for a charity.,nonprofit,navbar|hero|about|features|testimonials|contact|footer
"Create a warm landing page for a cleaning service with membership plans, pictures, a services list, frequently asked questions. We are based in Chicago.",small_business,navbar|hero|about|features|gallery|pricing|testimonials|faq|contact|footer
"I need a modern landing page for a tapas bar. Include just member reviews, questions and answers, a contact form.",restaurant,navbar|hero|testimonials|faq|contact|footer
"Biuld me a veterans association web page named Happy Taisl, it should have info about us and questions and answers but don't add geust reviews.",nonprofit,navbar|hero|about|features|faq|contact|footer
"Build me a travel blog website, it should have a contact us page, pricing, questions and answers and customer reviews. We are based in Toronto.",blog,navbar|hero|about|features|pricing|testimonials|faq|contact|footer
"Build me a personal journal web presence, it should have a contact us page, reviews and pictures. Use blue colours. We are based in Portland.",blog,navbar|hero|about|features|gallery|testimonials|contact|footer
"I need a homepage for an alumni association ""Nova Studio"". Use dark grey colours.",nonprofit,navbar|hero|about|features|testimonials|contact|footer
Please design a web page for a kindergarten called Mango Tree that shows price plans but skip story. Our customers keep asking for a proper site.,education,navbar|hero|features|pricing|faq|contact|footer
"generate website writing blog called ""Urban Spoon"" price plans, an FAQ, a posts section and an about us page. Use black and white colours.",blog,navbar|hero|about|features|pricing|faq|contact|footer
"generate website cooking school ""Maple Lane"" a tiny site with just a gallery plus testimonials. I'd like it to feel professional. We are based in Dublin.",education,navbar|hero|gallery|testimonials|footer
"Create a responsive homepage for a gaming blog with just a short bio, location and contact info and price plans.",blog,navbar|hero|about|pricing|contact|footer
church group landing page: questions and answers and an about me section.,nonprofit,navbar|hero|about|features|testimonials|faq|contact|footer
"I'd like it to feel bold. I need a modern homepage for a community centre. Include frequently asked questions, pricing plus a short bio.",nonprofit,navbar|hero|about|features|pricing|testimonials|faq|contact|footer
We are based in Chicago. build a website for my trattoria.,restaurant,navbar|hero|about|features|gallery|contact|footer
"make a site for an online academy; add location and contact info, pricing, what people say about us, an about section. I'd like it to feel playful. We are based in Portland.",education,navbar|hero|about|features|pricing|testimonials|faq|contact|footer
"I'd like it to feel miniml. It should look good on phones too. Build me a finance blog web presence, it should have reviews plus an image gallery.",blog,navbar|hero|about|features|gallery|testimonials|contact|footer
Create a minimal homepage for a finance blog. We are based in Chicago.,blog,navbar|hero|about|features|contact|footer
use soft green colours. we have been around since 2015 and love what we do. create a elegant website for a coffee shop.,restaurant,navbar|hero|about|features|gallery|contact|footer
make a homepage for a pizzeria; add the food menu plus member reviews.,restaurant,navbar|hero|about|features|gallery|testimonials|contact|footer
"generate website small business ""Happy Tails"" our services, contact details and packages and rates",small_business,navbar|hero|about|features|pricing|testimonials|contact|footer
"I want a web presence for a web developer ""Nova Studio"" - a tiny site with just a showcase of photos and packages and rates. Use soft green colours. It should look good on phones too.",portfolio,navbar|hero|gallery|pricing|footer
make a web page for spanish classes; add questions and answers and a pricing table. Use black and white colours. I am not technical at all.,education,navbar|hero|about|features|pricing|faq|contact|footer
"I need a responsive web page for noodle house. Include a way to get in touch, photos and the food menu. Our customers keep asking for a proper site.",restaurant,navbar|hero|about|features|gallery|contact|footer
"Create a bold landing page for a gaming blog called ""Golden Whisk"" with guest reviews, our prices. Use red colours.",blog,navbar|hero|about|features|pricing|testimonials|contact|footer
flight school web presence: only customer testimonials and photos. use black and white colours.,education,navbar|hero|gallery|testimonials|footer
I want a site for a fish and chip shop - only an about us page and a contact section.,restaurant,navbar|hero|about|contact|footer
I need a website for journalist,portfolio,navbar|hero|about|features|gallery|contact|footer
"I want a web page for copywriter, its name is Lotus Works - an about section and our prices.",portfolio,navbar|hero|about|features|gallery|pricing|contact|footer
"Can you generate a playful web presence for a personal journal? I want a tiny site with just a picture grid, a posts section, and info about us. Keep it easy to read.",blog,navbar|hero|about|features|gallery|footer
"Please design a website for an electrician that shows just a section about who we are, customer testimonials plus a pricing table. We have been around since 2015 and love what we do.",small_business,navbar|hero|about|pricing|testimonials|footer
"Sports blog web page, warm look, with an about us page called Clear Path. We are based in Chicago.",blog,navbar|hero|about|features|contact|footer
"generate website freelance photographer, its name is Mango Tree location and contact info, a FAQ section plus client feedback. We are based in Austin.",portfolio,navbar|hero|about|features|gallery|testimonials|faq|contact|footer
"website for an opinion blog, its name is Red Barn.",blog,navbar|hero|about|features|contact|footer
Please design a site for running diary that shows membership plans and customer reviews. Use pink colours.,blog,navbar|hero|about|features|pricing|testimonials|contact|footer
Can you generate a friendly site for a cleaning service? I want a contact us page and member reviews.,small_business,navbar|hero|about|features|testimonials|contact|footer
generate website food bank common questions and campaign highlights. I'd like it to feel calm. We are based in Denver.,nonprofit,navbar|hero|about|features|testimonials|faq|contact|footer
I want a site for pnacake house - a menu but no image gallrey. We are based in Portland.,restaurant,navbar|hero|about|features|contact|footer
"I need a professional homepage for a trattoria, its name is Quiet Pines. Include a tiny site with just membership plans plus a short bio.",restaurant,navbar|hero|about|pricing|footer
"Dessert bar homepage, warm look, with reviews, packages and rates, a list of our specials and an FAQ called Silver Fox. Use brown colours.",restaurant,navbar|hero|about|features|gallery|pricing|testimonials|faq|contact|footer
make a homepage for parenting blog; add an about me section.,blog,navbar|hero|about|features|contact|footer
"Use pink colours. Musician web page, simple look, with contact details and questions and answers but skip gallery.",portfolio,navbar|hero|about|features|faq|contact|footer
"I want a homepage for a health charity named Open Door - location and contact info, our story plus campaign highlights. Use yellow colours.",nonprofit,navbar|hero|about|features|testimonials|contact|footer
"can you generate a modern homepage for a freelance photographer, its name is green valley? i want common questions, membership plans, and a projects section.",portfolio,navbar|hero|about|features|gallery|pricing|faq|contact|footer
"Can you generate a minimal website for a DJ? I want an about section, a showcase of photos.",portfolio,navbar|hero|about|features|gallery|contact|footer
"generate website art director, its name is Sweet Crumbs only pricing and an about section.",portfolio,navbar|hero|about|pricing|footer
make me a colourful landing page for a music blog,blog,navbar|hero|about|features|contact|footer
"Create a bold web presence for a youth foundation called ""Golden Whisk"" with student reviews, our initiatives, and our story. We are based in London. Keep it easy to read.",nonprofit,navbar|hero|about|features|testimonials|contact|footer
"generate website sculptor my projects, pricing, and a faq section. keep it easy to read.",portfolio,navbar|hero|about|features|gallery|pricing|faq|contact|footer
i need a web page for smoothie bar. use warm orange and brown colours. we are based in boston.,restaurant,navbar|hero|about|features|gallery|contact|footer
Use deep blue colours. We are bassed in Austin. We have been arund snce 2015 and love what we do. Can you generate a bold homeage for an art director called Urban Spoon? I want customer testimonials.,portfolio,navbar|hero|about|features|gallery|testimonials|contact|footer
i need a responsive homepage for an ux designer named quiet pines. include location and contact info plus a faq section. we are based in toronto.,portfolio,navbar|hero|about|features|gallery|faq|contact|footer
"Auto garage homepage ""Urban Spoon"": membership plans plus a contact us page",small_business,navbar|hero|about|features|pricing|testimonials|contact|footer
I'd like it to feel calm. We are based in Miammi. I am not technical at all. Dumpling house web page.,restaurant,navbar|hero|about|features|gallery|contact|footer
"I need a modern site for a vocational college called Red Barn. Include a pricing table, our story and what people say about us. Use brown colours.",education,navbar|hero|about|features|pricing|testimonials|faq|contact|footer
I'd like it to feel elegant. build a website for my software engineer named Cedar & Co.,portfolio,navbar|hero|about|features|gallery|contact|footer
"i need a clean website for an ice cream parlour. include a faq section, reviews from our clients plus a short bio. i'd like it to feel playful.",restaurant,navbar|hero|about|features|gallery|testimonials|faq|contact|footer
"Animal shelter web page called Green Valley: our programs, common questions, our story",nonprofit,navbar|hero|about|features|testimonials|faq|contact|footer
Can you generate a fresh web presence for a songwriter? I want frequently asked questions and a contact form. Use purple colours.,portfolio,navbar|hero|about|features|gallery|faq|contact|footer
Scool homepage named Mpale Lane: only raings and rviews and a way to get in touch.,education,navbar|hero|testimonials|contact|footer
make a web presence for a veterans association; add campaign highlights and location and contact info. Use soft green colours. Keep it easy to read.,nonprofit,navbar|hero|about|features|testimonials|contact|footer
"Teacher training programme homepage, playful look, with just pictures, a short bio. We are based in Austin.",education,navbar|hero|about|gallery|footer
make a landing page for a sushi bar named Pixel Nest; add our dishes. We are based in Toronto.,restaurant,navbar|hero|about|features|gallery|contact|footer
make me a minimal website for a volunteer organisation.,nonprofit,navbar|hero|about|features|testimonials|contact|footer
"Please design a landing page for a makeup artist ""Cedar & Co"" that shows membership plans plus info about us.",portfolio,navbar|hero|about|features|gallery|pricing|contact|footer
"generate website cooking school packages and rates, the class schedule, pictures. Use teal colours.",education,navbar|hero|about|features|gallery|pricing|faq|contact|footer
I need a playful homepage for a wedding photographer. Include a tiny site with just common questions and fees.,portfolio,navbar|hero|pricing|faq|footer
Can you generate a modern site for art blog called Golden Whisk? I want a photo gallery and a posts section.,blog,navbar|hero|about|features|gallery|contact|footer
"Can you generate a professional web presence for a painting contractor called Bright Minds? I want only ratings and reviews, a picture grid, membership plans. Use soft green colours.",small_business,navbar|hero|gallery|pricing|testimonials|footer
website for an ice cream parlour. We are based in Miami.,restaurant,navbar|hero|about|features|gallery|contact|footer
"Plese design a website for a sandwich shop called ""Mango Tree"" that shows a section about who we are and an FAQ.",restaurant,navbar|hero|about|features|gallery|faq|contact|footer
create a professional homepage for a training institute.,education,navbar|hero|about|features|faq|contact|footer
I need a homepage for a wellness blog called Green Valley,blog,navbar|hero|about|features|contact|footer
"Build me a spanish classes website, its name is Cedar & Co, it should have only an about us page, frequently asked questions, and a contact section.",education,navbar|hero|about|faq|contact|footer
"Create a simple web presence for a charity, its name is Blue Harbor with what we do.",nonprofit,navbar|hero|about|features|testimonials|contact|footer
"Pancake house homepage: an FAQ, our dishes and customer reviews. It should look good on phones too.",restaurant,navbar|hero|about|features|gallery|testimonials|faq|contact|footer
Create a responsive website for a book review blog. Use dark grey colours.,blog,navbar|hero|about|features|contact|footer
make a website for a workshop series; add guest reviews,education,navbar|hero|about|features|testimonials|faq|contact|footer
Please design a web page for a dessert bar named Sweet Crumbs that shows common questions and an image gallery.,restaurant,navbar|hero|about|features|gallery|faq|contact|footer
website for a nail salon.,small_business,navbar|hero|about|features|testimonials|contact|footer
"Build me a dry cleaner homepage, it should have a services list and guest reviews. We are based in Miami. Keep it easy to read.",small_business,navbar|hero|about|features|testimonials|contact|footer
"Please design a site for tech blog ""Iron Oak"" that shows a posts section. I'd like it to feel calm.",blog,navbar|hero|about|features|contact|footer
make a website for a reading club; add an abuot me section and a FAQ section,education,navbar|hero|about|features|faq|contact|footer
I need a friendly landing page for a small business named Golden Whisk. Include a tiny site with just frequently asked questions and an about section.,small_business,navbar|hero|about|faq|footer
"generate website bistro, its name is maple lane packages and rates and an faq, no menu section",restaurant,navbar|hero|about|gallery|pricing|faq|contact|footer
"build a website for my UX designer called ""Willow Creek"". Use blue colours.",portfolio,navbar|hero|about|features|gallery|contact|footer
website for an environmental group named Urban Spoon.,nonprofit,navbar|hero|about|features|testimonials|contact|footer
I need a simple homepage for a cleaning service. Include service offerings and a FAQ section.,small_business,navbar|hero|about|features|testimonials|faq|contact|footer
Create a responsive site for animator. We have been around since 2015 and love what we do.,portfolio,navbar|hero|about|features|gallery|contact|footer
"Nail salon website, bold look, with info about us, student reviews and a section for what we offer named Mango Tree",small_business,navbar|hero|about|features|testimonials|contact|footer
"Build me a heritage trust landing page ""Bright Minds"", it should have just our programs and photos.",nonprofit,navbar|hero|features|gallery|footer
"Copywriter web presence called ""Stone Bridge"": our story, an image gallery, a way to get in touch, and a pricing table. I am not technical at all.",portfolio,navbar|hero|about|features|gallery|pricing|contact|footer
Sandwich shop web presence: a menu and a gallery. Use navy colours. We are based in Boston.,restaurant,navbar|hero|about|features|gallery|contact|footer
make me a fresh landing page for music school. I'd like it to feel bold.,education,navbar|hero|about|features|faq|contact|footer
make a web page for a history blog; add customer testimonials but don't add location and contact info,blog,navbar|hero|about|features|testimonials|footer
"opinion blog landing page: frequently asked questions, a contact section and pictures",blog,navbar|hero|about|features|gallery|faq|contact|footer
"make a web presence for a sculptor, its name is Golden Whisk; add a tiny site with just a showcase of my work, location and contact info and our story.",portfolio,navbar|hero|about|features|contact|footer
Create a bold website for a reading club.,education,navbar|hero|about|features|faq|contact|footer
"Can you generate a playful homepage for a summer camp called ""Rapid Fix""? I want a curriculum section, a FAQ section and client feedback.",education,navbar|hero|about|features|testimonials|faq|contact|footer
"I want a landing page for taxi company - reviews from our clients, sevrice offerings.",small_business,navbar|hero|about|features|testimonials|contact|footer
Use black and white colours. Coding club webiste: fees but skip FAQ section.,education,navbar|hero|about|features|pricing|contact|footer
make me a playful homepage for an illustrator. Use deep blue colours.,portfolio,navbar|hero|about|features|gallery|contact|footer
"Online course web page, its name is Mpale Lane. I'd like it to feel calm.",education,navbar|hero|about|features|faq|contact|footer
"Bbq grill web page, warm look, with member reviews, a section about who we are but skip image gallery called ""Paw Palace"". I'd like it to feel minimal. We are based in Denver.",restaurant,navbar|hero|about|features|testimonials|contact|footer
"Sports blog site, fresh look, with article highlights, a contact form and parent reviews.",blog,navbar|hero|about|features|testimonials|contact|footer
"Travel blog web presence: customer reviews, frequently asked questions, our story, location and contact info. We are based in Seattle. Keep it easy to read.",blog,navbar|hero|about|features|testimonials|faq|contact|footer
"I want a website for a furniture store, its name is Bright Minds - a tiny site with just a contact section, service offerings and info about us. Use dark grey colours. We are based in Dublin.",small_business,navbar|hero|about|features|contact|footer
"Bistro landing page, professional look, with our dishes, a testimonials section, a gallery plus a contact section.",restaurant,navbar|hero|about|features|gallery|testimonials|contact|footer
"I'd like it to feel professional. Keep it easy to read. Potter website, stylish look, with reviews from our clients, its name is Rapid Fix.",portfolio,navbar|hero|about|features|gallery|testimonials|contact|footer
"Please design a web page for a gaming blog, its name is Harvest Table that shows testimonials and a posts section but don't add story. We are based in London.",blog,navbar|hero|features|testimonials|contact|footer
"Create a clean website for lifestyle blog called ""Quiet Pines"". Use blue colours.",blog,navbar|hero|about|features|contact|footer
"Use deep blue colours. We have been around since 2015 and love what we do. Spanish classes web page called ""Maple Lane"".",education,navbar|hero|about|features|faq|contact|footer
"We are based in Miami. We have been around since 2015 and love what we do. Veterans association web presence: only an image gallery, an FAQ and testimonials.",nonprofit,navbar|hero|gallery|testimonials|faq|footer
"I want a website for newsletter - fees, a section about who we are and an image gallery. Use blue colours.",blog,navbar|hero|about|features|gallery|pricing|contact|footer
Create a warm homepage for a personal portfolio with student reviews but without photo gallery. Our customers keep asking for a proper site.,portfolio,navbar|hero|about|features|testimonials|contact|footer
"Lifestyle blog web presence, colourful look, with a contact section and photos called ""Bright Minds"". Use green colours. Our customers keep asking for a proper site.",blog,navbar|hero|about|features|gallery|contact|footer
Create a warm web presence for training institute with a pricing table and a contact section.,education,navbar|hero|about|features|pricing|faq|contact|footer
"Can you generate a colourful homepage for a freelance photographer? I want a FAQ section, our prices, no selected worrks.",portfolio,navbar|hero|about|gallery|pricing|faq|contact|footer
"Can you generate a minimal website for opinion blog called ""Clear Path""? I want membership plans, a posts section, and a contact form. We are based in Austin.",blog,navbar|hero|about|features|pricing|contact|footer
"make a homepage for a potter ""Nova Studio""; add an about me section, a testimonials section.",portfolio,navbar|hero|about|features|gallery|testimonials|contact|footer
"I want a web page for a small business - a FAQ section, a contact us page and reviews.",small_business,navbar|hero|about|features|testimonials|faq|contact|footer
"create a friendly web page for a creative director called ""quiet pines"".",portfolio,navbar|hero|about|features|gallery|contact|footer
"build me a wildlife trust web presence called ""paw palace"", it should have an image gallery, an about section, and campaign highlights.",nonprofit,navbar|hero|about|features|gallery|testimonials|contact|footer
"I need a minimal web presence for soup kitchen ""Paw Palace"". Include just questions and answers plus packages and rates.",nonprofit,navbar|hero|pricing|faq|footer
build a website for my taco stand.,restaurant,navbar|hero|about|features|gallery|contact|footer
I want a site for a creative director - photos. Our customers keep asking for a proper site.,portfolio,navbar|hero|about|features|gallery|contact|footer
"build a website for my salad bar, its name is Urban Spoon",restaurant,navbar|hero|about|features|gallery|contact|footer
"I am not technical at all. Charity web presence, friendly look, with just an image gallery and a contact form.",nonprofit,navbar|hero|gallery|contact|footer
"Build me an online academy web page, it should have an about us page and member reviews but skip contact details.",education,navbar|hero|about|features|testimonials|faq|footer
I'd like it to feel professional. We are based in Toronto. I need a landing page for a community garden called Happy Tails.,nonprofit,navbar|hero|about|features|testimonials|contact|footer
"I need a playful homepage for a vocational college named Pixel Nest. Include our programs, membership plans plus a gallery. Keep it easy to read.",education,navbar|hero|about|features|gallery|pricing|faq|contact|footer
"I need a responsive web page for a community garden. Include questions and answers, a section about who we are, a list of causes and a contact section.",nonprofit,navbar|hero|about|features|testimonials|faq|contact|footer
"Build me a trattoria website, it should have student reviews, our story plus an FAQ.",restaurant,navbar|hero|about|features|gallery|testimonials|faq|contact|footer
create a playful website for veterinary clinic.,small_business,navbar|hero|about|features|testimonials|contact|footer
"I need a friendly landing page for a bistro. Include a menu, a FAQ section, a section about who we are, and a photo gallery.",restaurant,navbar|hero|about|features|gallery|faq|contact|footer
"Can you generate a minimal site for a career blog, its name is Blue Harbor? I want a FAQ section plus featured posts.",blog,navbar|hero|about|features|faq|contact|footer
"Summer camp web page, responsive look, with an about section and reviews from our clients, no FAQ section, its name is Golden Whisk",education,navbar|hero|about|features|testimonials|contact|footer
"Build me a cancer research charity homepage, its name is Sunny Side, it should have our prices, common questions, client feedback. I'd like it to feel minimal.",nonprofit,navbar|hero|about|features|pricing|testimonials|faq|contact|footer
"Can you geenerate a friendly site for sushi bar, its name is Willow Creek? I want guest reviews and an about section.",restaurant,navbar|hero|about|features|gallery|testimonials|contact|footer
build a website for my church group. We are based in Miami.,nonprofit,navbar|hero|about|features|testimonials|contact|footer
"Can you generate a friendly landing page for a fashion blog? I want student feedback, a way to get in touch, a pricing tabe. I am not technical at all.",blog,navbar|hero|about|features|pricing|testimonials|contact|footer
"Use brown colours. I want a website for an alumni association called ""Lotus Works"" - price plans and our story.",nonprofit,navbar|hero|about|features|pricing|testimonials|contact|footer
"generate website video editor called ""Maple Lane"" questions and answers, customer testimonials",portfolio,navbar|hero|about|features|gallery|testimonials|faq|contact|footer
I need a modern web page for a travel blog named Red Barn. Include location and contact info plus a list of recent articles.,blog,navbar|hero|about|features|contact|footer
"I need a warm homepage for a wellness blog called ""Quiet Pines"". Include our story plus pricing. We are based in Denver.",blog,navbar|hero|about|features|pricing|contact|footer
"build me a rescue centre website called daily brew, it should have membership plans, an about section plus an image gallery.",nonprofit,navbar|hero|about|features|gallery|pricing|testimonials|contact|footer
"make a landing page for a homeschool group ""Pixel Nest""; add frequently asked questions, membership plans, a contact section. We are based in Austin.",education,navbar|hero|about|features|pricing|faq|contact|footer
"Trattoria homepage: fees, customer testimonials, photos, frequently asked questions",restaurant,navbar|hero|about|features|gallery|pricing|testimonials|faq|contact|footer
make me a bold site for sandwich shop,restaurant,navbar|hero|about|features|gallery|contact|footer
"make a homepage for finance blog called ""Maple Lane""; add a showcase of photos, questions and answers, customer testimonials. I'd like it to feel professional.",blog,navbar|hero|about|features|gallery|testimonials|faq|contact|footer
make a web page for a DJ; add only testimonials and a short bio,portfolio,navbar|hero|about|testimonials|footer
make me a friendly website for a small business. Use red colours. I am not technical at all.,small_business,navbar|hero|about|features|testimonials|contact|footer
"Burger joint homepage: a photo gallery, info about us, without location and contact info.",restaurant,navbar|hero|about|features|gallery|footer
"Can you generate a responsive web presence for a music school? I want pricing, no common questions. Use navy colours. It should look good on phones too.",education,navbar|hero|about|features|pricing|contact|footer
"We are based in Portland. I want a site for a tapas bar called Willow Creek - fees, a contact section, a list of our specials, feedback from customers.",restaurant,navbar|hero|about|features|gallery|pricing|testimonials|contact|footer
"I want a web presence for a hardware store named Ink and Ivory - a section for what we offer, a pricing table, and what people say about us.",small_business,navbar|hero|about|features|pricing|testimonials|contact|footer
make me a clean web presence for a fish and chip shop,restaurant,navbar|hero|about|features|gallery|contact|footer
Use red colours. Please design a website for a finance blog that shows a FAQ section plus an image gallery but don't add location and contact info.,blog,navbar|hero|about|features|gallery|faq|footer
"Build me a software engineer website, it should have price plans plus an FAQ.",portfolio,navbar|hero|about|features|gallery|pricing|faq|contact|footer
"Use deep blue colours. I am not technical at all. Build me a cocktail bar web presence, it should have fees, pictures, and an about me section.",restaurant,navbar|hero|about|features|gallery|pricing|contact|footer
Can you generate a clean web presence for a maths club named Golden Whisk? I want customer testimonials. Use blue colours.,education,navbar|hero|about|features|testimonials|faq|contact|footer
"make a web presence for video editor called harvest table; add an faq, feedback from customers, and packages and rates",portfolio,navbar|hero|about|features|gallery|pricing|testimonials|faq|contact|footer
"Tapas bar website: our dishes and our prices, without pictures. We are based in Chicago.",restaurant,navbar|hero|about|features|pricing|contact|footer
"Youth foundation landing page: a short bio, common questions and a showcase of photos. I'd like it to feel friendly.",nonprofit,navbar|hero|about|features|gallery|testimonials|faq|contact|footer
"I need a warm site for a coding bootcamp, its name is Willow Creek. Include a FAQ section, no programs. We are based in Denver.",education,navbar|hero|about|faq|contact|footer
"web developer web presence: a tiny site with just a contact section, reviews, and an about section. it should look good on phones too.",portfolio,navbar|hero|about|testimonials|contact|footer
Please design a website for an alumni association that shows only a way to get in touch and price plans. Use soft green colours.,nonprofit,navbar|hero|pricing|contact|footer
I want a landing page for a small business - a contact form and pictures. We are based in London.,small_business,navbar|hero|about|features|gallery|testimonials|contact|footer
"Sandwich shop site, colourful look, with a pricing tabble, contact details and customer testimonils",restaurant,navbar|hero|about|features|gallery|pricing|testimonials|contact|footer
"Can you generate a elegant landing page for a journalist, its name is Harvest Table? I want common questions, a showcase of photos and a way to get in touch.",portfolio,navbar|hero|about|features|gallery|faq|contact|footer
"Create a minimal site for a daily diary ""Paw Palace"" with an about me section and a FAQ section.",blog,navbar|hero|about|features|faq|contact|footer
"Can you generate a minimal homepage for a law office? I want an image gallery, don't add section for what we offer.",small_business,navbar|hero|about|gallery|testimonials|contact|footer
"I need a responsive website for an ocean cleanup group. Include parent reviews, an about me section plus a gallery.",nonprofit,navbar|hero|about|features|gallery|testimonials|contact|footer
"Bulid me a paintiing contractor webbsite called Stone Bridge, it should have a pricing tabble and photos.",small_business,navbar|hero|about|features|gallery|pricing|testimonials|contact|footer
"Build me a science club websitte, it should have student feedback and a way to get in touch. I'd like it to feel professional. We have been around since 2015 and love what we do.",education,navbar|hero|about|features|testimonials|faq|contact|footer
"Please design a landing page for a veterans association that shows an about section, without contact section. Use pink colours.",nonprofit,navbar|hero|about|features|testimonials|footer
"Build me a wellness blog web page, it should have a list of recent articles, packages and rates, a short bio.",blog,navbar|hero|about|features|pricing|contact|footer
"I'd like it to feel bold. Animal shelter homepage ""Silver Fox"": what we do.",nonprofit,navbar|hero|about|features|testimonials|contact|footer
"Build me a minimalism blog homepage, it should have a showcase of photos and frequently asked questions. I'd like it to feel playful.",blog,navbar|hero|about|features|gallery|faq|contact|footer
"Create a professional web presence for a songwriter with only a projects section, questions and answers and a short bio.",portfolio,navbar|hero|about|features|faq|footer
I need a landing page for accounting firm,small_business,navbar|hero|about|features|testimonials|contact|footer
"make a web page for a trattoira, its name is Clear Path; add cmomon questions plus location and contact info. Keep it easy to read.",restaurant,navbar|hero|about|features|gallery|faq|contact|footer
"We are based in London. Video editor landing page, fresh look, with our story but skip location and contact info ""Willow Creek"".",portfolio,navbar|hero|about|features|gallery|footer
"Teacher training programme web page ""Summit Learning"": pictures, no contact form",education,navbar|hero|about|features|gallery|faq|footer
"Use blue colours. Please design a homepage for art director named Blue Harbor that shows my projects, an FAQ, an image gallery and parent reviews.",portfolio,navbar|hero|about|features|gallery|testimonials|faq|contact|footer
I need a landing page for online academy,education,navbar|hero|about|features|faq|contact|footer
"i need a professional website for a neighbourhood association, its name is urban spoon. include our programs, parent reviews plus a short bio. i'd like it to feel calm.",nonprofit,navbar|hero|about|features|testimonials|contact|footer
"Rescue centre site ""Quiet Pines""",nonprofit,navbar|hero|about|features|testimonials|contact|footer
"Build me a community centre site, it should have packages and rates, a list of causes, a contact us page, and an about me section.",nonprofit,navbar|hero|about|features|pricing|testimonials|contact|footer
"Fashion designer website: a FAQ section, skip about us page",portfolio,navbar|hero|features|gallery|faq|contact|footer
Can you generate a modern website for a cancer research charity? I want an about section plus membership plans but skip contact details. Use pink colours. We are based in Chicago.,nonprofit,navbar|hero|about|features|pricing|testimonials|footer
"We are based in Boston. Build me a musician site, it should have only fees, case studies.",portfolio,navbar|hero|features|pricing|footer
"Build me a mutual aid network website, it should have location and contact info, what people say about us, common questions, our prices.",nonprofit,navbar|hero|about|features|pricing|testimonials|faq|contact|footer
"website for a pet grooming shop caleld ""Atlas Design""",small_business,navbar|hero|about|features|testimonials|contact|footer
i need a site for summer camp called atlas design,education,navbar|hero|about|features|faq|contact|footer
"make a web page for a science blog; add common questions, a photo gallery and ratings and reviews. We are based in Portland.",blog,navbar|hero|about|features|gallery|testimonials|faq|contact|footer
Create a playful homepage for a painting contractor. Use brown colours.,small_business,navbar|hero|about|features|testimonials|contact|footer
"Web developer website, professional look, with frequently asked questions",portfolio,navbar|hero|about|features|gallery|faq|contact|footer
"create a professional website for insurance agency named happy tails with a tiny site with just customer reviews, our services, and a faq section. our customers keep asking for a proper site.",small_business,navbar|hero|features|testimonials|faq|footer
"Can you generate a friendly homepage for scholarship fund? I want only pictures, feedback from customers, frequently asked questions. Use blue colours. We are based in Miami.",nonprofit,navbar|hero|gallery|testimonials|faq|footer
"make a landing page for a church group ""Rapid Fix""; add student feedback, a contact section, photos, and a list of causes. We are based in Denver.",nonprofit,navbar|hero|about|features|gallery|testimonials|contact|footer
"make a landing page for pizzeria; add testimonials, frequently asked questions and a showcase of photos. I'd like it to feel playful. We are based in Portland.",restaurant,navbar|hero|about|features|gallery|testimonials|faq|contact|footer
"make a landing page for a summer camp, its name is Nova Studio; add pictures",education,navbar|hero|about|features|gallery|faq|contact|footer
build a website for my vocational college,education,navbar|hero|about|features|faq|contact|footer
"I want a web presence for dessert bar - photos, a pricing table, a menu, reviews from our clients. I am not technical at all.",restaurant,navbar|hero|about|features|gallery|pricing|testimonials|contact|footer
"make a web page for a donut shop called Nova Studio; add reviews from our clients, an about me section, a picture grid. We have been around since 2015 and love what we do.",restaurant,navbar|hero|about|features|gallery|testimonials|contact|footer
"make a landing page for a window cleaning business named Nova Studio; add frequently asked questions and membership plans, no feedback from customers. We are based in Portland.",small_business,navbar|hero|about|features|pricing|faq|contact|footer
"Accuonting firm landing page, professional look, with price plans, member rveiews. Keep it easy to read.",small_business,navbar|hero|about|features|pricing|testimonials|contact|footer
"Create a bold web presence for a history blog called Maple Lane with only a way to get in touch, membership plans, a picture grid.",blog,navbar|hero|gallery|pricing|contact|footer
Teacher training programme web presence. It should look good on phones too.,education,navbar|hero|about|features|faq|contact|footer
"Use orange colours. We have been around since 2015 and love what we do. Please design a landing page for a cafe that shows parent reviews, a gallery.",restaurant,navbar|hero|about|features|gallery|testimonials|contact|footer
"Can you generate a minimal site for test prep course ""Silver Fox""? I want our story and student reviews but no frequently asked questions.",education,navbar|hero|about|features|testimonials|contact|footer
"Yoga studio website, warm look, with pctures, info about us, price plans and queestions and answers called ""Clear Path""",small_business,navbar|hero|about|features|gallery|pricing|testimonials|faq|contact|footer
We are based in Miami. Our customers keep asking for a proper site. website for a food blog.,blog,navbar|hero|about|features|contact|footer
"Soup kitchen website called ""Stone Bridge"". Use orange colours.",nonprofit,navbar|hero|about|features|testimonials|contact|footer
"Barber shop site: student feedback, a way to get in touch, info about us, and common questions",small_business,navbar|hero|about|features|testimonials|faq|contact|footer
"I want a web persence for dental clinic - a short bio, a contact us page.",small_business,navbar|hero|about|features|testimonials|contact|footer
"Build me a sushi bar web presence, it should have an FAQ.",restaurant,navbar|hero|about|features|gallery|faq|contact|footer
"please design a web page for bagel shop, its name is willow creek that shows a short bio plus questions and answers.",restaurant,navbar|hero|about|features|gallery|faq|contact|footer
"Build me an insurance agency landing page, it should have a tiny site with just guest reviews, a short bio and our services. I'd like it to feel bold. I am not technical at all.",small_business,navbar|hero|about|features|testimonials|footer
"I want a web presence for a scholarship fund - a list of causes, common questions and a contact section. We have been around since 2015 and love what we do.",nonprofit,navbar|hero|about|features|testimonials|faq|contact|footer
make me a bold web page for a trattoria. i'd like it to feel professional.,restaurant,navbar|hero|about|features|gallery|contact|footer
"Sculptor landing page ""Pixel Nest"": frequently asked questions, contact details and a photo gallery.",portfolio,navbar|hero|about|features|gallery|faq|contact|footer
"Architect web presence: our story, selected works and frequently asked questions. Use purple colours. We have been around since 2015 and love what we do.",portfolio,navbar|hero|about|features|gallery|faq|contact|footer
"Use orange colours. I need a website for a parenting blog, its name is Cedar & Co.",blog,navbar|hero|about|features|contact|footer
"I need a responsive web presence for pet grooming shop called ""Daily Brew"". Include a contact us page, frequently asked questions. We are based in Miami.",small_business,navbar|hero|about|features|testimonials|faq|contact|footer
"I want a landing page for restaurant named Stone Bridge - fees, an imaage gallery, and questions and answers. Use blue colours. It should look good on phones too.",restaurant,navbar|hero|about|features|gallery|pricing|faq|contact|footer
"generate website DJ pricing, selected works and a picture grid.",portfolio,navbar|hero|about|features|gallery|pricing|contact|footer
"Taco stand web presence, minimal look, with membership plans and a contact section but don't add about me section",restaurant,navbar|hero|features|gallery|pricing|contact|footer
"generate website heritage trust just an FAQ, a picture grid. I'd like it to feel bold.",nonprofit,navbar|hero|gallery|faq|footer
"Motion artist homepage, colourful look, with fees, our story plus a contact us page.",portfolio,navbar|hero|about|features|gallery|pricing|contact|footer
"Create a minimal web presence for a history blog, its name is Atlas Design. I'd like it to feel friendly.",blog,navbar|hero|about|features|contact|footer
"Build me an university department web presence, it should have a pricing table, info about us and a contact us page. Keep it easy to read.",education,navbar|hero|about|features|pricing|faq|contact|footer
"generate website workshop series ""Willow Creek"" the class schedule, a contact section, info about us, packages and rates",education,navbar|hero|about|features|pricing|faq|contact|footer
"generate website scholarship fund an about me section plus questions and answers, skip contact details. i am not technical at all.",nonprofit,navbar|hero|about|features|testimonials|faq|footer
"website for a plumbing company, its name is Sunny Side. It should look good on phones too.",small_business,navbar|hero|about|features|testimonials|contact|footer
"Can you generate a elegant web page for bagel shop ""Blue Harbor""? I want what people say about us, membership plans, and a menu section.",restaurant,navbar|hero|about|features|gallery|pricing|testimonials|contact|footer
"bistro site, responsive look, with an faq plus info about us ""rapid fix"". i am not technical at all.",restaurant,navbar|hero|about|features|gallery|faq|contact|footer
build a website for my scholarship fund.,nonprofit,navbar|hero|about|features|testimonials|contact|footer
I need a homepage for a makeup artist named Sweet Crumbs. Use dark grey colours.,portfolio,navbar|hero|about|features|gallery|contact|footer
Tavel blog web presence,blog,navbar|hero|about|features|contact|footer
"Please design a website for cancer research charity ""Ink and Ivory"" that shows member reviews and our prices but don't add list of causes.",nonprofit,navbar|hero|about|pricing|testimonials|contact|footer
create a playful web presence for food truck. we are based in toronto.,restaurant,navbar|hero|about|features|gallery|contact|footer
I want a web page for product designer named Willow Creek - membership plans. We are based in Boston.,portfolio,navbar|hero|about|features|gallery|pricing|contact|footer
generate website home decor blog an FAQ and featured posts,blog,navbar|hero|about|features|faq|contact|footer
build a website for my fitness blog named Silver Fox,blog,navbar|hero|about|features|contact|footer
Use navy colours. I need a minimal homepage for barber shop. Include service offerings.,small_business,navbar|hero|about|features|testimonials|contact|footer
"Please design a landing page for a bbq grill called ""Sunny Side"" that shows a testimonials section and an about section.",restaurant,navbar|hero|about|features|gallery|testimonials|contact|footer
"Use dark grey colours. I am not technical at all. generate website insurance agency called ""Blue Harbor"" only ratings and reviews and a FAQ section.",small_business,navbar|hero|testimonials|faq|footer
"Can you generate a friendly landing page for a summer camp ""Cedar & Co""? I want a short bio, course listings and student reviews.",education,navbar|hero|about|features|testimonials|faq|contact|footer
Please design a website for community garden that shows info abut us plus price plans. I'd like it to feel minimal.,nonprofit,navbar|hero|about|features|pricing|testimonials|contact|footer
"generate webite rescue centre an image gallery, location and contact info and a testimonials section. Our customers keep asking for a proper site.",nonprofit,navbar|hero|about|features|gallery|testimonials|contact|footer
"build me an orphanage homepage called ""daily brew"", it should have a pricing table plus an faq.",nonprofit,navbar|hero|about|features|pricing|testimonials|faq|contact|footer
"Can you generate a stylish homepage for hardware store? I want a section about who we are, customer reviews, membership plans.",small_business,navbar|hero|about|features|pricing|testimonials|contact|footer
Create a colourful web page for restaurrant named Urban Spoon with common questions and our story but skip menu.,restaurant,navbar|hero|about|gallery|faq|contact|footer
"Create a friendly site for an alumni association with packages and rates, an FAQ, our programs.",nonprofit,navbar|hero|about|features|pricing|testimonials|faq|contact|footer
"Cocktail bar website: a menu, an FAQ and a short bio. Use yellow colours.",restaurant,navbar|hero|about|features|gallery|faq|contact|footer
"Create a modern web presence for a food bank called Stone Bridge with membership plans, our programs, and customer testimonials.",nonprofit,navbar|hero|about|features|pricing|testimonials|contact|footer
website for a teacher training progarmme,education,navbar|hero|about|features|faq|contact|footer
"Create a fresh landing page for flight school with pricing, photos and our programs.",education,navbar|hero|about|features|gallery|pricing|faq|contact|footer
Create a playful website for coding bootcamp with just an about us page plus testimonials.,education,navbar|hero|about|testimonials|footer
"I am not technical at all. make a web page for an insurance agency, its name is Happy Tails; add an about us page, member reviews and a FAQ section.",small_business,navbar|hero|about|features|testimonials|faq|contact|footer
"i need a clean web page for a bookshop ""harvest table"". include a contact us page. use warm orange and brown colours.",small_business,navbar|hero|about|features|testimonials|contact|footer
"i'd like it to feel friendly. we are based in boston. make a homepage for a lifestle blog called open door; add a section about who we are, don't add contact details.",blog,navbar|hero|about|features|footer
make me a modern landing page for travel blog. We are based in Boston. Our customers keep asking for a proper site.,blog,navbar|hero|about|features|contact|footer
"make a landing page for a tree surgeon; add a contact form and a short bio, skip services.",small_business,navbar|hero|about|testimonials|contact|footer
"We are based in Chicago. build a website for my scholarship fund, its name is Golden Whisk.",nonprofit,navbar|hero|about|features|testimonials|contact|footer
Use black and wihte colours. I am not technical at all. generate website deli membership planns.,restaurant,navbar|hero|about|features|gallery|pricing|contact|footer
"Build me a politics blog site, it should have a posts section and pricing. Use brown colours.",blog,navbar|hero|about|features|pricing|contact|footer
Create a friendly web page for a fashion designer.,portfolio,navbar|hero|about|features|gallery|contact|footer
"create a fresh website for architect called stone bridge with a contact form, selected works and an about us page. we are based in london. our customers keep asking for a proper site.",portfolio,navbar|hero|about|features|gallery|contact|footer
"It should look good on phones too. Food bank site: common questions, a contact section.",nonprofit,navbar|hero|about|features|testimonials|faq|contact|footer
"generate website foundation named harvest table our story, location and contact info and our programs. i'd like it to feel bold.",nonprofit,navbar|hero|about|features|testimonials|contact|footer
"I want a homeepage for a yoga studio ""Blue Harbor"" - a short bio.",small_business,navbar|hero|about|features|testimonials|contact|footer
"I'd like it to feel minimal. generate website piano lessons packages and rates, a list of courses plus our story.",education,navbar|hero|about|features|pricing|faq|contact|footer
"i want a web page for a food bank called ""nova studio"" - a contact form, our story, packages and rates.",nonprofit,navbar|hero|about|features|pricing|testimonials|contact|footer
"accounting firm website: reviews from our clients, service offerings and membership plans. we are based in toronto.",small_business,navbar|hero|about|features|pricing|testimonials|contact|footer
"can you generate a minimal homepage for a test prep course, its name is clear path? i want a tiny site with just a contact section, photos and testimonials.",education,navbar|hero|gallery|testimonials|contact|footer
"Create a professional homepage for a furniture store with a tiny site with just pictures, member reviews, a section for what we offer. Our customers keep asking for a proper site.",small_business,navbar|hero|features|gallery|testimonials|footer
website for pastry shop.,restaurant,navbar|hero|about|features|gallery|contact|footer
"bagel shop web presence, colourful look, with customer testimonials and our dishes. use warm orange and brown colours. we are based in seattle.",restaurant,navbar|hero|about|features|gallery|testimonials|contact|footer
"Our customers keep asking for a proper site. Accounting firm website, elegant look, with a contact us page and a picture grid called Bright Minds.",small_business,navbar|hero|about|features|gallery|testimonials|contact|footer
I need a landing page for a hair salon. Our customers keep asking for a proper site.,small_business,navbar|hero|about|features|testimonials|contact|footer
"generate website parenting blog, its name is Nova Studio an about me section, a way to get in touch, and a FAQ section. Use green colours.",blog,navbar|hero|about|features|faq|contact|footer
"I want a web page for a graphic designer called Daily Brew - a photo gallery, questions and answers, member reviews.",portfolio,navbar|hero|about|features|gallery|testimonials|faq|contact|footer
"build a website for my reading club, its name is Mngo Tree",education,navbar|hero|about|features|faq|contact|footer
Create a friendly website for a landscaping business.,small_business,navbar|hero|about|features|testimonials|contact|footer
"Create a simple landing page for a grraphic designer with a short bio, my projects plus a showcase of photos.",portfolio,navbar|hero|about|features|gallery|contact|footer
"Landscaping business web page, playful look, with a section about who we are, a picture grid and price plans called Little Lantern",small_business,navbar|hero|about|features|gallery|pricing|testimonials|contact|footer
"Build me a product designer site, it should have frequently asked questions but skip short bio. Use green colours.",portfolio,navbar|hero|features|gallery|faq|contact|footer
"I need a minimal site for spanish classes called ""Harvest Table"". Include a contact section, our prices and common questions. Use dark grey colours. It should look good on phones too.",education,navbar|hero|about|features|pricing|faq|contact|footer
"I need a landing page for a graphic designer called ""Little Lantern""",portfolio,navbar|hero|about|features|gallery|contact|footer
Please design a web presence for a podcast site that shows latest posts and a gallery. I am not technical at all.,blog,navbar|hero|about|features|gallery|contact|footer
I want a website for a maths club - a gallery and a short bio.,education,navbar|hero|about|features|gallery|faq|contact|footer
make a web page for deli; add membership plans and guest reviews but without contact form,restaurant,navbar|hero|about|features|gallery|pricing|testimonials|footer
"Create a elegant landing page for an auto garage ""Happy Tails"" with a pricing table and our services.",small_business,navbar|hero|about|features|pricing|testimonials|contact|footer
"Build me an insurance agency landing page, it should have a tiny site with just an about me section and a contact form. I am not technical at all.",small_business,navbar|hero|about|contact|footer
"Painting contractor web presence: a contact section, our prices.",small_business,navbar|hero|about|features|pricing|testimonials|contact|footer
"Inssurance agency web presence ""Rapid Fix"": service offerings, a FAQ section.",small_business,navbar|hero|about|features|testimonials|faq|contact|footer
"tree planting group site, elegant look, with just ratings and reviews and campaign highlights, its name is cedar & co",nonprofit,navbar|hero|features|testimonials|footer
"Keep it easy to read. I need a warm landing page for a college ""Bright Minds"". Include contact details, our prices plus a short bio.",education,navbar|hero|about|features|pricing|faq|contact|footer
I need a web presence for a NGO. Use warm orange and brown colours. We are based in Toronto. We have been around since 2015 and love what we do.,nonprofit,navbar|hero|about|features|testimonials|contact|footer
I want a web page for video editor - selected works but no story. I'd like it to feel calm.,portfolio,navbar|hero|features|gallery|contact|footer
I need a bold site for a noodle house. Include membership plans but without dishes.,restaurant,navbar|hero|about|gallery|pricing|contact|footer
"Painting contractor web page, warm look, with just an about section, a showcase of photos. We are based in Austin.",small_business,navbar|hero|about|gallery|footer
"Create a stylish landing page for a tailor with a services list, a short bio, and pictures.",small_business,navbar|hero|about|features|gallery|testimonials|contact|footer
build a website for my food blog called Quiet Pines. Use soft green colours.,blog,navbar|hero|about|features|contact|footer
"Motion artist homepage: customer reviews, questions and answers, an about us page and photos. Use yellow colours.",portfolio,navbar|hero|about|features|gallery|testimonials|faq|contact|footer
"I want a homepage for a video editor - an FAQ, testimonials plus price plans. Use blue colours.",portfolio,navbar|hero|about|features|gallery|pricing|testimonials|faq|contact|footer
We are based in London. We have been around since 2015 and love what we do. Can you generate a clean web presence for a video editor? I want a showcase of my work.,portfolio,navbar|hero|about|features|gallery|contact|footer
"Please design a landing page for a bike store, its name is Sunny Side that shows a short bio, a contact form and a pricing table.",small_business,navbar|hero|about|features|pricing|testimonials|contact|footer
"Foundation landing page ""Open Door"": a tiny site with just student reviews, a photo gallery plus campaign highlights. Keep it easy to read.",nonprofit,navbar|hero|features|gallery|testimonials|footer
"Can you generate a friendly homepage for a portfolio called ""Cedar & Co""? I want location and contact info, our story, a FAQ section.",portfolio,navbar|hero|about|features|gallery|faq|contact|footer
"Can you generate a clean landing page for a wine bar? I want an about section, the food menu and a picture grid.",restaurant,navbar|hero|about|features|gallery|contact|footer
"build a website for my travel agency, its name is Mango Tree",small_business,navbar|hero|about|features|testimonials|contact|footer
Create a minimal homepage for a fashion blog with student reviews. Use green colours.,blog,navbar|hero|about|features|testimonials|contact|footer
"We are based in Portland. UX designer website ""Daily Brew"": price plans and a photo gallery.",portfolio,navbar|hero|about|features|gallery|pricing|contact|footer
I want a site for an auto garage - service offerings and an about me section.,small_business,navbar|hero|about|features|testimonials|contact|footer
"Video editor web presence, fresh look, with a tiny site with just frequently asked questions and a testimonials section called ""Bright Minds""",portfolio,navbar|hero|testimonials|faq|footer
"I need a elegant homepage for motion artist. Include a tiny site with just client feedback, a way to get in touch, questions and answers. I'd like it to feel minimal. It should look good on phones too.",portfolio,navbar|hero|testimonials|faq|contact|footer
make me a colourful web presence for an auto garaage,small_business,navbar|hero|about|features|testimonials|contact|footer
"Workshop series site: common questions, a picture grid.",education,navbar|hero|about|features|gallery|faq|contact|footer
"Bistro web page, colourful look, with our dishes and questions and answers, its name is Sunny Side",restaurant,navbar|hero|about|features|gallery|faq|contact|footer
generate website animator photos plus a contact us page. I'd like it to feel professional.,portfolio,navbar|hero|about|features|gallery|contact|footer
dessert bar homepage named urban spoon,restaurant,navbar|hero|about|features|gallery|contact|footer
"Create a responsive web presence for school with member reviews, frequently asked questions plus pricing.",education,navbar|hero|about|features|pricing|testimonials|faq|contact|footer
"We are based in Portland. It should look good on phones too. Piano lessons homepage called Little Lantern: membership plans, an about me section.",education,navbar|hero|about|features|pricing|faq|contact|footer
build a website for my pastry shop called Iron Oak. I am not technical at all.,restaurant,navbar|hero|about|features|gallery|contact|footer
"Build me a car repair shop site ""Little Lantern"", it should have a section about who we are. Use yellow colours.",small_business,navbar|hero|about|features|testimonials|contact|footer
Spanish classes web page: our programs and common questions,education,navbar|hero|about|features|faq|contact|footer
"generate website illustrator called ""Urban Spoon"" an image gallery, a way to get in touch plus membership plans. Keep it easy to read.",portfolio,navbar|hero|about|features|gallery|pricing|contact|footer
"make a web page for a filmmaker; add feedback from customers, an FAQ plus info about us.",portfolio,navbar|hero|about|features|gallery|testimonials|faq|contact|footer
"Please design a homepage for pet blog that shows an about me section, don't add list of recent articles. I'd like it to feel playful.",blog,navbar|hero|about|contact|footer
"Can you generate a responsive web presence for an auto garage ""Mango Tree""? I want a gallery, a way to get in touch. Use orange colours.",small_business,navbar|hero|about|features|gallery|testimonials|contact|footer
"I want a site for soup kitchen called Blue Harbor - a tiny site with just an about us page, pricing.",nonprofit,navbar|hero|about|pricing|footer
Create a fresh web presence for software engineer.,portfolio,navbar|hero|about|features|gallery|contact|footer
"make a web presence for a flight school named Sunny Side; add questions and answers, guest reviews, and a short bio. We are based in Miami.",education,navbar|hero|about|features|testimonials|faq|contact|footer
"Our customers keep asking for a proper site. Create a simple landing page for a copywriter ""Paw Palace"" with info about us, parent reviews but skip location and contact info.",portfolio,navbar|hero|about|features|gallery|testimonials|footer
"Web developer homepage, modern look, with packages and rates, a showcase of photos and questions and answers.",portfolio,navbar|hero|about|features|gallery|pricing|faq|contact|footer
Create a fresh website for curry house called Daily Brew.,restaurant,navbar|hero|about|features|gallery|contact|footer
"Training institute website, modern look, with course listings, an image gallery, our story, ratings and reviews named Bright Minds",education,navbar|hero|about|features|gallery|testimonials|faq|contact|footer
"Use soft green colours. Create a professional web presence for a tutoring academy with contact details, a showcase of photos plus a section about who we are.",education,navbar|hero|about|features|gallery|faq|contact|footer
I want a web page for a writing blog - a tiny site with just student feedback plus membership planns. I'd like it to feel calm.,blog,navbar|hero|pricing|testimonials|footer
"Use yellow colours. Please design a web page for filmmaker named Ink and Ivory that shows parent reviews, a showcase of my work, and a pricing table.",portfolio,navbar|hero|about|features|gallery|pricing|testimonials|contact|footer
sculptor web page called daily brew.,portfolio,navbar|hero|about|features|gallery|contact|footer
"Art blog site: our storry, an imgae gallery, packages and rates plus latest posts. We have been around since 2015 and love what we do.",blog,navbar|hero|about|features|gallery|pricing|contact|footer
"Create a simple website for potter with selected works, questions and answers, a short bio. It should look good on phones too.",portfolio,navbar|hero|about|features|gallery|faq|contact|footer
"Ceate a bold landing page for a pet blog with a tiny site with just price plans, an image gallery. We have been around since 2015 and love what we do.",blog,navbar|hero|gallery|pricing|footer
"I want a web presence for home decor blog called Green Valley - a sohrt bio, reviews from our clients, a way to get in touch and a list of recent artcles.",blog,navbar|hero|about|features|testimonials|contact|footer
"Veterinary clinic web page, its name is Golden Whisk: common questions and a contact form.",small_business,navbar|hero|about|features|testimonials|faq|contact|footer
"I want a homepage for a plumbing company, its name is Atlas Design - a services list, a pricing table plus location and contact info. I'd like it to feel minimal.",small_business,navbar|hero|about|features|pricing|testimonials|contact|footer
our customers keep asking for a proper site. i need a warm site for an art director named harvest table. include only our prices plus frequently asked questions.,portfolio,navbar|hero|pricing|faq|footer
We are based in London. Create a playful web page for a heritage trust.,nonprofit,navbar|hero|about|features|testimonials|contact|footer
"Please design a web page for burger joint called ""Maple Lane"" that shows student reviews, a gallery and packages and rates. Our customers keep asking for a proper site.",restaurant,navbar|hero|about|features|gallery|pricing|testimonials|contact|footer
Can you generate a fresh homepage for a pet blog? I want just a contact us page plus an about section. I'd like it to feel minimal. We are based in Toronto.,blog,navbar|hero|about|contact|footer
"Cocktail bar homepage, elegant look, with the food menu",restaurant,navbar|hero|about|features|gallery|contact|footer
Create a warm homepage for a writing blog. I'd like it to feel dark. We are based in Toronto.,blog,navbar|hero|about|features|contact|footer
Create a elegant web page for a noodle house with only pictures and a contact section.,restaurant,navbar|hero|gallery|contact|footer
"build me a neighbourhood association web page, it should have a pricing table plus what we do.",nonprofit,navbar|hero|about|features|pricing|testimonials|contact|footer
make me a playful website for a driving school. I'd like it to feel professional. It should look good on phones too.,education,navbar|hero|about|features|faq|contact|footer
"can you generate a friendly web presence for education charity? i want what we do, member reviews, no about us page. our customers keep asking for a proper site.",nonprofit,navbar|hero|features|testimonials|contact|footer
"Build me a relief fund web page, it should have a section about who we are but don't add customer reviews.",nonprofit,navbar|hero|about|features|contact|footer
I need a modern web page for a training institute called Happy Tails. Include a picture grid.,education,navbar|hero|about|features|gallery|faq|contact|footer
"Please design a lading page for a piano lessons that shows parent reviews, a contact section and a photo gallery. We are based in Boston.",education,navbar|hero|about|features|gallery|testimonials|faq|contact|footer
I need a warm homepage for a maths tutoring service called Sunny Side. Include a tiny site with just an image gallery plus course listings.,education,navbar|hero|features|gallery|footer
Can you generate a clean site for a DJ called Open Door? I want only our prices and member reviews. Use orange colours. We have been around since 2015 and love what we do.,portfolio,navbar|hero|pricing|testimonials|footer
Create a simple homepage for a graphic designer called Bright Minds with only a projects section and customer testimonials.,portfolio,navbar|hero|features|testimonials|footer
"nail salon homepage, responsive look, with location and contact info, a section for what we offer, parent reviews. we are based in austin.",small_business,navbar|hero|about|features|testimonials|contact|footer
"I need a warm web presence for an online course. Include packages and rates, info about us and a contact form. We are based in Boston.",education,navbar|hero|about|features|pricing|faq|contact|footer
bike store landing page.,small_business,navbar|hero|about|features|testimonials|contact|footer
"I need a warm website for an electrician, its name is Pixel Nest. Include contact details, an about me section, a photo gallery and a services list. We are based in Seattle. Keep it easy to read.",small_business,navbar|hero|about|features|gallery|testimonials|contact|footer
"We are based in Boston. Build me an insurance agency landing page ""Bright Minds"", it should have frequently asked questions, price plans and an about us page.",small_business,navbar|hero|about|features|pricing|testimonials|faq|contact|footer
"make a web page for a scholarship fund called ""Little Lantern""; add parent reviews and info about us. I'd like it to feel bold.",nonprofit,navbar|hero|about|features|testimonials|contact|footer
I need a modern homepage for minimalism blog named Cedar & Co. Include just location and contact info plus info about us.,blog,navbar|hero|about|contact|footer
Please design a web page for a workkshop series that shows a showcase of photos. Use navy colours.,education,navbar|hero|about|features|gallery|faq|contact|footer
I need a homepage for a small business. We are based in Boston.,small_business,navbar|hero|about|features|testimonials|contact|footer
"generate website animal shelter, its name is paw palace a tiny site with just an about me section plus a testimonials section. i'd like it to feel minimal.",nonprofit,navbar|hero|about|testimonials|footer
"I want a homepage for a plumbing company called ""Clear Path"" - a contact form but skip services. I'd like it to feel elegant.",small_business,navbar|hero|about|testimonials|contact|footer
"Build me an online course site, it should have a picture grid, no programs. We are based in Seattle. We have been around since 2015 and love what we do.",education,navbar|hero|about|gallery|faq|contact|footer
I'd like it to feel minimal. make me a responsive landing page for a dessert bar.,restaurant,navbar|hero|about|features|gallery|contact|footer
I need a bold website for a songwriter. Include only our story and a projects section.,portfolio,navbar|hero|about|features|footer
"build a website for my fish and chip shop ""Blue Habor"". Use deep blue colours.",restaurant,navbar|hero|about|features|gallery|contact|footer
"make a web presence for a creative director called ""Little Lantern""; add contact details plus my projects, don't add short bio. I'd like it to feel elegant.",portfolio,navbar|hero|features|gallery|contact|footer
"I need a elegant web page for a CV website called Red Barn. Include a pricing table, case studies.",portfolio,navbar|hero|about|features|gallery|pricing|contact|footer
Create a warm site for a cafe with an about me section plus an image gallery.,restaurant,navbar|hero|about|features|gallery|contact|footer
create a colourful landing page for a salad bar called mpale lane with a contact us page. i'd like it to feel elegaant. we are bassed in boston.,restaurant,navbar|hero|about|features|gallery|contact|footer
i need a bold web presence for a mssage clinic. include membership plans but don't add services. it should look good on phones too.,small_business,navbar|hero|about|pricing|testimonials|contact|footer
Keep it easy to read. build a website for my musician.,portfolio,navbar|hero|about|features|gallery|contact|footer
make a web page for a bike store; add price plans plus what people say about us but without section about who we are,small_business,navbar|hero|features|pricing|testimonials|contact|footer
Create a simple web page for a blog.,blog,navbar|hero|about|features|contact|footer
"generate website nail salon a photo gallery, a contact us page, and a short bio. Use yellow colours.",small_business,navbar|hero|about|features|gallery|testimonials|contact|footer
"website for non-profit ""Harvest Table"". We are based in Seattle.",nonprofit,navbar|hero|about|features|testimonials|contact|footer
"Consulting firm web presence, stylish look, with a contact us page, an about us page, service offerings and pictures.",small_business,navbar|hero|about|features|gallery|testimonials|contact|footer
"Food bank web page: only an about me section, a photo gallery, and contact details. Our customers keep asking for a proper site.",nonprofit,navbar|hero|about|gallery|contact|footer
"I want a web page for church group - packages and rates, info about us. Use dark grey colours. We are based in Miami. Our customers keep asking for a proper site.",nonprofit,navbar|hero|about|features|pricing|testimonials|contact|footer
"I want a web page for vocational college called ""Little Lantern"" - just a curriculum section and a contact section. I'd like it to feel friendly.",education,navbar|hero|features|contact|footer
I want a landing page for hardware store - only a showcase of photos plus ratings and reviews. I'd like it to feel playful.,small_business,navbar|hero|gallery|testimonials|footer
website for a fish and chip shop named Maple Lane. Our customers keep asking for a proper site.,restaurant,navbar|hero|about|features|gallery|contact|footer
I want a landing page for an auto garage named Rapid Fix - a tiny site with just questions and answers and a section for what we offer.,small_business,navbar|hero|features|faq|footer
"Kindergarten landing page, friendly look, with the class schedule, pictures. We are based in London. Our customers keep asking for a proper site.",education,navbar|hero|about|features|gallery|faq|contact|footer
"i need a modern laanding page for an art blog called ""red barn"". include an about section, a picture grid and an faq. use navy colours. i am not techniical at all.",blog,navbar|hero|about|features|gallery|faq|contact|footer
"Pet blog site, clean look, with only parent reviews, price plans, its name is Golden Whisk",blog,navbar|hero|pricing|testimonials|footer
I'd like it to feel friendly. Create a minimal homepage for a college with a contact section and student reviews.,education,navbar|hero|about|features|testimonials|faq|contact|footer
"I need a playful web presence for an electrician named Stone Bridge. Include fees, questions and answers, don't add info about us.",small_business,navbar|hero|features|pricing|testimonials|faq|contact|footer
"Veterans association landing page called ""Clear Path"". I'd like it to feel bold.",nonprofit,navbar|hero|about|features|testimonials|contact|footer
"Build me a home decor blog homepage, it should have a posts section, a contact form and a showcase of photos.",blog,navbar|hero|about|features|gallery|contact|footer
make me a warm site for a piano lessons. I'd like it to feel elegant.,education,navbar|hero|about|features|faq|contact|footer
"make a site for a real estate agency named Iron Oak; add an about me section, reviews, and contact details",small_business,navbar|hero|about|features|testimonials|contact|footer
make me a modern website for a minimalism blog. it should look good on phones too.,blog,navbar|hero|about|features|contact|footer
"I'd like it to feel calm. Law office web presence ""Paw Palace"".",small_business,navbar|hero|about|features|testimonials|contact|footer
"make a site for a driving school named Cedar & Co; add reviews, our story, a gallery.",education,navbar|hero|about|features|gallery|testimonials|faq|contact|footer
Can you generate a simple web presence for test prep course? I want our programs and guest reviews.,education,navbar|hero|about|features|testimonials|faq|contact|footer
"generate website volunteer organisation member reviews, info about us and location and contact info",nonprofit,navbar|hero|about|features|testimonials|contact|footer
"Build me a school website, it should have only student reviews, our programs and common questions. Use soft green colours.",education,navbar|hero|features|testimonials|faq|footer
create a modern homepage for a science blog with price plans.,blog,navbar|hero|about|features|pricing|contact|footer
Create a warm homepage for a dry cleaner.,small_business,navbar|hero|about|features|testimonials|contact|footer
I need a fresh web page for a cleaning service called Mango Tree. Include customer reviews. I am not technical at all.,small_business,navbar|hero|about|features|testimonials|contact|footer
We are based in Portland. generate website cancer research charity only a pricing table and campaign highlights.,nonprofit,navbar|hero|features|pricing|footer
Can you generate a simple web page for a dry cleaner named Lotus Works? I want only a FAQ section and a section for what we offer.,small_business,navbar|hero|features|faq|footer
"I want a web presence for a wildlife trust ""Urban Spoon"" - a contact form.",nonprofit,navbar|hero|about|features|testimonials|contact|footer
"I am not techncial at all. Can you generate a warm web presence for a painting contractor named Iron Oak? I want a photo galleyr, frequently asked questions and testimonials.",small_business,navbar|hero|about|features|gallery|testimonials|faq|contact|footer
make me a bold landing page for a motion artist. We are based in Dublin. I am not technical at all.,portfolio,navbar|hero|about|features|gallery|contact|footer
"Can you generate a modern web page for a cleaning service? I want a contact form, info about us, and guest reviews. Use blue colours.",small_business,navbar|hero|about|features|testimonials|contact|footer
"I want a site for a piano lessons, its name is Paw Palace - questions and answers and our programs but no section about who we are.",education,navbar|hero|features|faq|contact|footer
"make a web presence for a youth foundation; add questions and answers, our prices, a section about who we are plus a contact us page. use black and white colours.",nonprofit,navbar|hero|about|features|pricing|testimonials|faq|contact|footer
"Build me a tapas bar landing page, it should have the food menu, a FAQ section.",restaurant,navbar|hero|about|features|gallery|faq|contact|footer
Church group web page. Use dark grey colours.,nonprofit,navbar|hero|about|features|testimonials|contact|footer
"Use soft green colours. I need a stylish site for a cartoonist. Include a gallery, case studies, a FAQ section and ratings and reviews.",portfolio,navbar|hero|about|features|gallery|testimonials|faq|contact|footer
"make a site for education charity; add fees, campaign highlights plus info about us. use yellow colours.",nonprofit,navbar|hero|about|features|pricing|testimonials|contact|footer
"generate website dessert bar a tiny site with just an image gallery, questions and answers and a contact form. We have been around since 2015 and love what we do.",restaurant,navbar|hero|gallery|faq|contact|footer
I need a simple web page for a kindergarten. Include pricing.,education,navbar|hero|about|features|pricing|faq|contact|footer
"Food bank web presence, professional look, with questions and answers and a section about who we are named Rapid Fix. I'd like it to feel minimal. We are based in Portland.",nonprofit,navbar|hero|about|features|testimonials|faq|contact|footer
"Environmental group homepage, warm look, with a contact us page and an about section called Quiet Pines. We are based in Denver.",nonprofit,navbar|hero|about|features|testimonials|contact|footer
"make a homepage for a journalist; add an about us page, a projects section and a FAQ section. Use soft green colours.",portfolio,navbar|hero|about|features|gallery|faq|contact|footer
"Can you generate a modern landing page for a community garden? I want an about us page, campaign highlights, a photo gallery and our prices. Use warm orange and brown colours. We are based in Portland.",nonprofit,navbar|hero|about|features|gallery|pricing|testimonials|contact|footer
"I need a colourful homepage for a sushi bar called ""Stone Bridge"". Include the food menu and price plans.",restaurant,navbar|hero|about|features|gallery|pricing|contact|footer
"Create a warm web presence for a food blog, its name is Golden Whisk with featured posts.",blog,navbar|hero|about|features|contact|footer
Consulting firm web presence. We are based in Seattle.,small_business,navbar|hero|about|features|testimonials|contact|footer
"Build me a portfolio homepage, it should have a contact section, an FAQ, an about section, and a photo gallery. Use red colours.",portfolio,navbar|hero|about|features|gallery|faq|contact|footer
"Create a responsive web presence for a relief fund with info about us, a gallery, membership plans.",nonprofit,navbar|hero|about|features|gallery|pricing|testimonials|contact|footer
"Can you generate a fresh website for charity named Mango Tree? I want location and contact info and an image gallery, no about section.",nonprofit,navbar|hero|features|gallery|testimonials|contact|footer
"make a web page for massage clinic, its name is Summit Learning; add testimonials, a photo gallery plus frequently asked questions. Keep it easy to read.",small_business,navbar|hero|about|features|gallery|testimonials|faq|contact|footer
"Dental clinic web presence: contact details, membership plans and a testimonials section. Use green colours.",small_business,navbar|hero|about|features|pricing|testimonials|contact|footer
build a website for my book review blog. I'd like it to feel professional. Keep it easy to read.,blog,navbar|hero|about|features|contact|footer
I need a web presence for a video editor.,portfolio,navbar|hero|about|features|gallery|contact|footer
"Food bank site, friendly look, with common questions, what we do, a section about who we are plus customer testimonials. Our customers keep asking for a proper site.",nonprofit,navbar|hero|about|features|testimonials|faq|contact|footer
"I need a elegant web presence for a sushi bar. Include price plans plus the food menu, don't add photo gallery. It should look good on phones too.",restaurant,navbar|hero|about|features|pricing|contact|footer
"build me a parenting blog homepage, it should have student feedback and location and contact info. use pink colours.",blog,navbar|hero|about|features|testimonials|contact|footer
"make a site for furniture store ""Sunny Side""; add a photo gallery, feedback from customers, packages and rates plus service offerings.",small_business,navbar|hero|about|features|gallery|pricing|testimonials|contact|footer
website for a heritage trust,nonprofit,navbar|hero|about|features|testimonials|contact|footer
"create a fresh homepage for a cooking school ""quiet pines"". we are based in boston. our customers keep asking for a proper site.",education,navbar|hero|about|features|faq|contact|footer
Can you generate a warm site for a foundation called Willow Creek? I want a contact section and what we do.,nonprofit,navbar|hero|about|features|testimonials|contact|footer
"build me an illustrator landing page, it should have just common questions and parent reviews. use yellow colours.",portfolio,navbar|hero|testimonials|faq|footer
make a web page for an auto garage; add location and contact info and a section for what we offer but without about section,small_business,navbar|hero|features|testimonials|contact|footer
"Bistro web page, simple look, with packages and rates ""Sweet Crumbs"". I'd like it to feel elegant. We are based in Dublin.",restaurant,navbar|hero|about|features|gallery|pricing|contact|footer
"I want a web presence for a daily diary - common questions, pictures, and a short bio.",blog,navbar|hero|about|features|gallery|faq|contact|footer
Rescue centre website named Nova Studio: reviews from our clients and an FAQ. Use brown colours.,nonprofit,navbar|hero|about|features|testimonials|faq|contact|footer
"Can you generate a clean web presence for a maths tutoring service ""Iron Oak""? I want a photo gallrey, a curriculum section plus a contact us page.",education,navbar|hero|about|features|gallery|faq|contact|footer
Sushi bar homepage named Blue Harbor. I'd like it to feel calm.,restaurant,navbar|hero|about|features|gallery|contact|footer
I need a website for a school named Iron Oak,education,navbar|hero|about|features|faq|contact|footer
"Build me a design studio portfolio web page named Ink and Ivory, it should have location and contact info plus a short bio.",portfolio,navbar|hero|about|features|gallery|contact|footer
"Travel blog site: a way to get in touch, fees, an about me section",blog,navbar|hero|about|features|pricing|contact|footer
"Musician web presence ""Daily Brew""",portfolio,navbar|hero|about|features|gallery|contact|footer
I want a landing page for a burger joint - a menu and contact details.,restaurant,navbar|hero|about|features|gallery|contact|footer
"generate website community centre ""lotus works"" guest reviews, our prices plus campaign highlights. i am not technical at all.",nonprofit,navbar|hero|about|features|pricing|testimonials|contact|footer
"Create a clean site for a taco stand called ""Silver Fox"" with a pricing table and an about us page.",restaurant,navbar|hero|about|features|gallery|pricing|contact|footer
i need a landing page for an environmental group,nonprofit,navbar|hero|about|features|testimonials|contact|footer
"generate website newsletter called ""Cedar & Co"" a tiny site with just an FAQ plus pacakges and rates. We are bassed in Boston.",blog,navbar|hero|pricing|faq|footer
Can you generate a simple web presence for CV website? I want an FAQ but skip contact section.,portfolio,navbar|hero|about|features|gallery|faq|footer
Create a friendly website for web developer named Iron Oak. Use red colours.,portfolio,navbar|hero|about|features|gallery|contact|footer
"University department homepage: price plans, a photo gallery, a contact us page and common questions. I am not technical at all.",education,navbar|hero|about|features|gallery|pricing|faq|contact|footer
"Can you generate a modern web presence for travel blog? I want pictures, student feedback, a posts section and our prices.",blog,navbar|hero|about|features|gallery|pricing|testimonials|contact|footer
Wildlife trust site: what we do but skip contact form. I am not technical at all.,nonprofit,navbar|hero|about|features|testimonials|footer
Use pink colours. I need a website for a freelance photographer.,portfolio,navbar|hero|about|features|gallery|contact|footer
"generate website soup kitchen called ""Happy Tails"" pricing, a short bio, ratings and reviews and a picture grid",nonprofit,navbar|hero|about|features|gallery|pricing|testimonials|contact|footer
"make a homepage for a pet grooming shop; add an about me section, contact details, a photo gallery and frequently asked questions",small_business,navbar|hero|about|features|gallery|testimonials|faq|contact|footer
"pleease desiign a web prsence for a wedding photographer named silver fox that shows an about us page, conntact details and reviews from our clients.",portfolio,navbar|hero|about|features|gallery|testimonials|contact|footer
"Use pink colours. generate website art director called Sunny Side a showcase of my work, price plans and info about us.",portfolio,navbar|hero|about|features|gallery|pricing|contact|footer
"build a website for my furniture sotre ""Little Lantern"".",small_business,navbar|hero|about|features|testimonials|contact|footer
"Musician website, warm look, with questions and answers and feedback from customers, withut photo gallery. Use red colours.",portfolio,navbar|hero|about|features|testimonials|faq|contact|footer
Can you generate a warm web presence for writing blog? I want a FAQ section plus contact details. Our customers keep asking for a proper site.,blog,navbar|hero|about|features|faq|contact|footer
"Can you generate a simple website for a motion artist ""Blue Harbor""? I want a projects section and an image gallery.",portfolio,navbar|hero|about|features|gallery|contact|footer
Use brown colours. Create a responsive web presence for a plumbing company with just a pricing table and feedback from customers.,small_business,navbar|hero|pricing|testimonials|footer
"Build me a nail salon landing page called Open Door, it should have an about me section. Use navy colours. I am not technical at all.",small_business,navbar|hero|about|features|testimonials|contact|footer
"wine bar web page, professional look, with a gallery, its name is lotus works. use yellow colours. keep it easy to read.",restaurant,navbar|hero|about|features|gallery|contact|footer
"Use navy colours. Please design a site for a sports blog that shows common questions, skip location and contact info.",blog,navbar|hero|about|features|faq|footer
"Use deep blue colours. make a site for a volunteer organisation; add our initiatives plus what people say about us, skip info about us.",nonprofit,navbar|hero|features|testimonials|contact|footer
"University department web presence, friendly look, with pricing",education,navbar|hero|about|features|pricing|faq|contact|footer
"Travel aegncy website: info about us, a pricing tabel, service offerngs, and contact deatils",small_business,navbar|hero|about|features|pricing|testimonials|contact|footer
"Can you generate a clean landing page for flight school? I want location and contact info, common questions. Our customers keep asking for a proper site.",education,navbar|hero|about|features|faq|contact|footer
make a landing page for a parenting blog called Blue Harbor; add an about us page and reviews from our clients,blog,navbar|hero|about|features|testimonials|contact|footer
generate website consulting firm frequently asked questions and packages and rates but no client feedback. Keep it easy to read.,small_business,navbar|hero|about|features|pricing|faq|contact|footer
"please design a homepage for a minimalism blog that shows only price plans, contact details.",blog,navbar|hero|pricing|contact|footer
"ice cream parlour site called ""iron oak"": contact details but skip about me section.",restaurant,navbar|hero|features|gallery|contact|footer
Use brown colours. Our customers keep asking for a proper site. Food bank website caled Urban Spoon: a contact us page.,nonprofit,navbar|hero|about|features|testimonials|contact|footer
"Creeate a elegaant web presence for a bakery ""Blue Harbor"" with student feedback and pricing.",restaurant,navbar|hero|about|features|gallery|pricing|testimonials|contact|footer
"Use navy colours. make a web page for a video editor; add case studies, location and contact info plus client feedback.",portfolio,navbar|hero|about|features|gallery|testimonials|contact|footer
"Can you generate a minimal homepage for an opinion blog? I want an FAQ and a way to get in touch, skip latest posts.",blog,navbar|hero|about|faq|contact|footer
"make a web page for a nursery school ""Rapid Fix""; add an about section and frequently asked questions.",education,navbar|hero|about|features|faq|contact|footer
"I'd like it to feel professional. We are based in Portland. It should look good on phones too. Build me a hair salon website, it should have common questions, customer testimonials, an image gallery, and a way to get in touch.",small_business,navbar|hero|about|features|gallery|testimonials|faq|contact|footer
